posting_number,ozon_sku,offer_id,internal_sku,order_created_at_msk,posting_created_at_msk,shipment_date_msk,delivered_at_msk,finance_event_date,seller_price,commission_rub,commission_ratio,inferred_tariff_cohort,evidence
0199424196-0196-1,3892223191,930334397,EVT-SET-CHERRY-AMBER,,,,NOT_AVAILABLE,2026-06-01,1161,-476.01,0.41,TARIFF_41,posting NOT in backfill window
78061473-0524-1,3530427102,535581675,EVT-FT-ACNE-150,,,,NOT_AVAILABLE,2026-06-01,730,-299.3,0.41,TARIFF_41,posting NOT in backfill window
0160098811-0919-1,1997079254,252442517,EVT-HC-HAND-300,,,,NOT_AVAILABLE,2026-06-02,480,-196.8,0.41,TARIFF_41,posting NOT in backfill window
84371292-0157-1,1997079254,252442517,EVT-HC-HAND-300,,,,NOT_AVAILABLE,2026-06-03,480,-196.8,0.41,TARIFF_41,posting NOT in backfill window
83443714-0364-1,1997079254,252442517,EVT-HC-HAND-300,,,,NOT_AVAILABLE,2026-06-04,530,-217.3,0.41,TARIFF_41,posting NOT in backfill window
0243789888-0130-1,3528293526,535581674,EVT-FT-MOIST-150,,,,NOT_AVAILABLE,2026-06-04,730,-299.3,0.41,TARIFF_41,posting NOT in backfill window
22738323-0485-5,3735674506,910584041,EVT-SET-TON-SER-CREAM-ACNE,,,,NOT_AVAILABLE,2026-06-04,1612,-660.92,0.41,TARIFF_41,posting NOT in backfill window
63083916-0687-1,1997079254,252442517,EVT-HC-HAND-300,2026-06-03T17:44:55.635271+03:00,2026-06-03T17:44:55.635271+03:00,2026-06-03T17:45:12.036576+03:00,NOT_AVAILABLE,2026-06-05,530,-217.3,0.41,TARIFF_41,posting matched
80441196-1037-1,1997079254,252442517,EVT-HC-HAND-300,2026-06-03T12:53:28.918319+03:00,2026-06-03T12:53:28.918319+03:00,2026-06-03T12:53:36.611925+03:00,NOT_AVAILABLE,2026-06-06,530,-217.3,0.41,TARIFF_41,posting matched
0105883992-0211-1,3530427102,535581675,EVT-FT-ACNE-150,2026-06-04T09:36:58.432432+03:00,2026-06-04T09:36:58.432432+03:00,2026-06-04T09:37:10.495905+03:00,NOT_AVAILABLE,2026-06-06,730,-299.3,0.41,TARIFF_41,posting matched
0248200533-0001-1,3530427102,535581675,EVT-FT-ACNE-150,,,,NOT_AVAILABLE,2026-06-06,730,-299.3,0.41,TARIFF_41,posting NOT in backfill window
0122514050-0256-1,3732641694,567668635,EVT-SET-SER-CREAM-ACNE,2026-06-05T15:04:18.445375+03:00,2026-06-05T15:04:18.445375+03:00,2026-06-05T15:05:49.259241+03:00,NOT_AVAILABLE,2026-06-06,1120,-459.2,0.41,TARIFF_41,posting matched
0113819485-0127-1,1997079254,252442517,EVT-HC-HAND-300,2026-06-05T11:15:56.250976+03:00,2026-06-05T11:15:56.250976+03:00,2026-06-05T11:16:03.309977+03:00,NOT_AVAILABLE,2026-06-08,556,-227.96,0.41,TARIFF_41,posting matched
02132772-0139-7,3530427102,535581675,EVT-FT-ACNE-150,2026-06-05T12:28:02.953191+03:00,2026-06-05T12:28:02.953191+03:00,2026-06-05T12:28:47.191560+03:00,NOT_AVAILABLE,2026-06-08,837,-343.17,0.41,TARIFF_41,posting matched
24170025-0422-1,1997079254,252442517,EVT-HC-HAND-300,2026-06-02T19:45:04.699498+03:00,2026-06-02T19:45:04.699498+03:00,2026-06-02T19:45:17.642770+03:00,NOT_AVAILABLE,2026-06-08,530,-217.3,0.41,TARIFF_41,posting matched
73422757-0007-9,3735674506,910584041,EVT-SET-TON-SER-CREAM-ACNE,,,,NOT_AVAILABLE,2026-06-09,1550,-635.5,0.41,TARIFF_41,posting NOT in backfill window
38015375-0119-3,3735674506,910584041,EVT-SET-TON-SER-CREAM-ACNE,2026-06-07T07:30:32.789369+03:00,2026-06-07T07:30:32.789369+03:00,2026-06-07T07:30:30.302112+03:00,NOT_AVAILABLE,2026-06-09,1630,-668.3,0.41,TARIFF_41,posting matched
38015375-0119-1,3735674506,910584041,EVT-SET-TON-SER-CREAM-ACNE,2026-06-07T07:30:01.347134+03:00,2026-06-07T07:30:01.347134+03:00,2026-06-07T07:30:30.302112+03:00,NOT_AVAILABLE,2026-06-09,1630,-668.3,0.41,TARIFF_41,posting matched
29029680-2589-1,3530427102,535581675,EVT-FT-ACNE-150,2026-06-07T07:58:44.729299+03:00,2026-06-07T07:58:44.729299+03:00,2026-06-07T08:00:25.480724+03:00,NOT_AVAILABLE,2026-06-09,837,-343.17,0.41,TARIFF_41,posting matched
0141357579-0128-1,3733947454,909951444,EVT-SET-ACNE-POWDER-SERUM-CREAM,2026-06-08T21:21:03.108646+03:00,2026-06-08T21:21:03.108646+03:00,2026-06-08T21:21:18.844098+03:00,NOT_AVAILABLE,2026-06-10,1680,-688.8,0.41,TARIFF_41,posting matched
30264772-0295-1,1997079254,252442517,EVT-HC-HAND-300,2026-06-08T16:53:51.682332+03:00,2026-06-08T16:53:51.682332+03:00,2026-06-08T16:54:07.892554+03:00,NOT_AVAILABLE,2026-06-10,556,-227.96,0.41,TARIFF_41,posting matched
44126155-0052-1,1997079254,252442517,EVT-HC-HAND-300,2026-06-08T16:28:46.986076+03:00,2026-06-08T16:28:46.986076+03:00,2026-06-08T16:28:55.568657+03:00,NOT_AVAILABLE,2026-06-11,556,-227.96,0.41,TARIFF_41,posting matched
0186007139-0216-1,3530427102,535581675,EVT-FT-ACNE-150,2026-06-08T19:13:51.863416+03:00,2026-06-08T19:13:51.863416+03:00,2026-06-08T19:14:00.629051+03:00,NOT_AVAILABLE,2026-06-11,837,-343.17,0.41,TARIFF_41,posting matched
0246026298-0009-1,3735674506,910584041,EVT-SET-TON-SER-CREAM-ACNE,2026-06-09T12:16:05.005542+03:00,2026-06-09T12:16:05.005542+03:00,2026-06-09T12:16:43.745531+03:00,NOT_AVAILABLE,2026-06-12,1630,-668.3,0.41,TARIFF_41,posting matched
78598856-0564-1,1997079254,252442517,EVT-HC-HAND-300,2026-06-07T23:01:58.959963+03:00,2026-06-07T23:01:58.959963+03:00,2026-06-07T23:02:31.832823+03:00,NOT_AVAILABLE,2026-06-12,529,-216.89,0.41,TARIFF_41,posting matched
0209664376-0120-1,3530427102,535581675,EVT-FT-ACNE-150,2026-06-11T15:19:16.767509+03:00,2026-06-11T15:19:16.767509+03:00,2026-06-11T15:19:28.512426+03:00,NOT_AVAILABLE,2026-06-15,859,-352.19,0.41,TARIFF_41,posting matched
44126155-0059-1,3892345516,930334395,EVT-SET-HAND-CHERRY,2026-06-11T15:52:27.810094+03:00,2026-06-11T15:52:27.810094+03:00,2026-06-11T15:52:37.533559+03:00,NOT_AVAILABLE,2026-06-15,1200,-492,0.41,TARIFF_41,posting matched
0132332862-1286-1,3733947454,909951444,EVT-SET-ACNE-POWDER-SERUM-CREAM,2026-06-12T21:09:26.472366+03:00,2026-06-12T21:09:26.472366+03:00,2026-06-12T21:10:02.837058+03:00,NOT_AVAILABLE,2026-06-15,1800,-738,0.41,TARIFF_41,posting matched
72942666-1001-1,1997079254,252442517,EVT-HC-HAND-300,2026-06-08T16:57:47.324780+03:00,2026-06-08T16:57:47.324780+03:00,2026-06-08T16:57:53.957103+03:00,NOT_AVAILABLE,2026-06-15,556,-227.96,0.41,TARIFF_41,posting matched
33084752-0121-1,3732641694,567668635,EVT-SET-SER-CREAM-ACNE,2026-06-15T21:04:34.316079+03:00,2026-06-15T21:04:34.316079+03:00,2026-06-15T21:04:46.502004+03:00,NOT_AVAILABLE,2026-06-16,1651,-676.91,0.41,TARIFF_41,posting matched
07701255-0521-3,3892518031,593111986,EVT-HC-CHERRY-300,2026-06-13T17:29:26.675883+03:00,2026-06-13T17:29:26.675883+03:00,2026-06-13T17:29:35.263433+03:00,NOT_AVAILABLE,2026-06-16,1050,-430.5,0.41,TARIFF_41,posting matched
0179415481-0005-1,3733452761,868597351,EVT-SET-4PC-ACNE,2026-06-11T23:29:24.738088+03:00,2026-06-11T23:29:24.738088+03:00,2026-06-11T23:29:35.099890+03:00,NOT_AVAILABLE,2026-06-16,2430,-996.3,0.41,TARIFF_41,posting matched
0187365339-0020-1,3733452761,868597351,EVT-SET-4PC-ACNE,2026-06-13T23:49:03.434073+03:00,2026-06-13T23:49:03.434073+03:00,2026-06-13T23:49:11.168352+03:00,NOT_AVAILABLE,2026-06-17,3221,-1320.61,0.41,TARIFF_41,posting matched
74198206-0083-1,1997079254,252442517,EVT-HC-HAND-300,2026-06-02T17:43:23.144739+03:00,2026-06-02T17:43:23.144739+03:00,2026-06-02T17:43:32.832808+03:00,NOT_AVAILABLE,2026-06-17,530,-217.3,0.41,TARIFF_41,posting matched
0176014466-0010-3,3733452761,868597351,EVT-SET-4PC-ACNE,2026-06-14T15:00:19.416894+03:00,2026-06-14T15:00:19.416894+03:00,2026-06-14T15:01:04.798399+03:00,NOT_AVAILABLE,2026-06-18,3221,-1320.61,0.41,TARIFF_41,posting matched
0209664376-0123-1,3732641694,567668635,EVT-SET-SER-CREAM-ACNE,2026-06-15T14:18:43.125239+03:00,2026-06-15T14:18:43.125239+03:00,2026-06-15T14:18:55.778472+03:00,NOT_AVAILABLE,2026-06-19,1377,-564.57,0.41,TARIFF_41,posting matched
50464486-0153-1,3892345516,930334395,EVT-SET-HAND-CHERRY,2026-06-12T22:09:29.134714+03:00,2026-06-12T22:09:29.134714+03:00,2026-06-12T22:09:35.593868+03:00,NOT_AVAILABLE,2026-06-20,1200,-492,0.41,TARIFF_41,posting matched
49066688-0408-2,3735674506,910584041,EVT-SET-TON-SER-CREAM-ACNE,2026-06-20T10:52:03.230997+03:00,2026-06-20T10:52:03.230997+03:00,2026-06-20T10:52:58.463414+03:00,NOT_AVAILABLE,2026-06-22,2139,-876.99,0.41,TARIFF_41,posting matched
62125748-0315-2,3733452761,868597351,EVT-SET-4PC-ACNE,2026-06-12T02:32:12.474896+03:00,2026-06-12T02:32:12.474896+03:00,2026-06-12T02:32:22.489399+03:00,NOT_AVAILABLE,2026-06-24,2430,-996.3,0.41,TARIFF_41,posting matched
41529303-0218-2,3892345516,930334395,EVT-SET-HAND-CHERRY,2026-06-20T20:16:37.050133+03:00,2026-06-20T20:16:37.050133+03:00,2026-06-20T20:16:49.947631+03:00,NOT_AVAILABLE,2026-06-25,1571,-644.11,0.41,TARIFF_41,posting matched
23627169-0299-1,1997079254,252442517,EVT-HC-HAND-300,2026-06-12T15:02:37.651812+03:00,2026-06-12T15:02:37.651812+03:00,2026-06-12T15:02:44.027677+03:00,NOT_AVAILABLE,2026-06-29,556,-227.96,0.41,TARIFF_41,posting matched
0133063480-0018-3,3530427102,535581675,EVT-FT-ACNE-150,2026-06-26T17:28:12.153248+03:00,2026-06-26T17:28:12.153248+03:00,2026-06-26T17:28:21.004510+03:00,NOT_AVAILABLE,2026-06-29,823,-337.43,0.41,TARIFF_41,posting matched
80979825-0257-1,3528293526,535581674,EVT-FT-MOIST-150,2026-06-28T06:16:34.129168+03:00,2026-06-28T06:16:34.129168+03:00,2026-06-28T06:16:44.167581+03:00,NOT_AVAILABLE,2026-06-29,872,-357.52,0.41,TARIFF_41,posting matched
0107302388-0044-1,3530427102,535581675,EVT-FT-ACNE-150,2026-06-26T19:01:40.948640+03:00,2026-06-26T19:01:40.948640+03:00,2026-06-26T19:01:55.620783+03:00,NOT_AVAILABLE,2026-06-30,818,-335.38,0.41,TARIFF_41,posting matched
46846601-0863-1,3892410843,930334396,EVT-SET-HAND-AMBER,2026-06-27T15:05:34.318355+03:00,2026-06-27T15:05:34.318355+03:00,2026-06-27T15:05:44.950296+03:00,NOT_AVAILABLE,2026-07-02,1261,-517.01,0.41,TARIFF_41,posting matched
0105883992-0261-1,3530427102,535581675,EVT-FT-ACNE-150,2026-07-02T07:24:56.521214+03:00,2026-07-02T07:24:56.521214+03:00,2026-07-02T07:25:08.084543+03:00,NOT_AVAILABLE,2026-07-03,967,-396.47,0.41,TARIFF_41,posting matched
0112076306-0058-1,3530427102,535581675,EVT-FT-ACNE-150,2026-06-30T22:31:21.597139+03:00,2026-06-30T22:31:21.597139+03:00,2026-06-30T22:31:58.195441+03:00,NOT_AVAILABLE,2026-07-03,832,-341.12,0.41,TARIFF_41,posting matched
46200146-0961-5,3528293526,535581674,EVT-FT-MOIST-150,2026-07-03T12:49:39.953824+03:00,2026-07-03T12:49:39.953824+03:00,2026-07-03T12:49:54.965754+03:00,NOT_AVAILABLE,2026-07-05,1161,-476.01,0.41,TARIFF_41,posting matched
0103612839-0407-13,3733452761,868597351,EVT-SET-4PC-ACNE,2026-07-01T08:38:58.882572+03:00,2026-07-01T08:38:58.882572+03:00,2026-07-01T08:38:55.165998+03:00,NOT_AVAILABLE,2026-07-05,2831,-1160.71,0.41,TARIFF_41,posting matched
89909016-0082-1,3892410843,930334396,EVT-SET-HAND-AMBER,2026-07-02T14:26:17.393373+03:00,2026-07-02T14:26:17.393373+03:00,2026-07-02T14:26:24.667363+03:00,NOT_AVAILABLE,2026-07-05,1420,-582.2,0.41,TARIFF_41,posting matched
52528457-0193-5,3930712640,593111985,EVT-HC-AMBER-300,2026-07-04T06:58:27.046910+03:00,2026-07-04T06:58:27.046910+03:00,2026-07-04T06:58:23.150802+03:00,NOT_AVAILABLE,2026-07-06,1230,-504.3,0.41,TARIFF_41,posting matched
31782514-0215-5,3892345516,930334395,EVT-SET-HAND-CHERRY,2026-07-01T02:07:11.968047+03:00,2026-07-01T02:07:11.968047+03:00,2026-07-01T02:07:28.124172+03:00,NOT_AVAILABLE,2026-07-06,1416,-580.56,0.41,TARIFF_41,posting matched
64690053-1227-1,3528293526,535581674,EVT-FT-MOIST-150,2026-07-03T08:44:52.102377+03:00,2026-07-03T08:44:52.102377+03:00,2026-07-03T08:45:08.257439+03:00,NOT_AVAILABLE,2026-07-06,975,-399.75,0.41,TARIFF_41,posting matched
89229907-0328-1,3735674506,910584041,EVT-SET-TON-SER-CREAM-ACNE,2026-07-05T16:51:45.911497+03:00,2026-07-05T16:51:45.911497+03:00,2026-07-05T16:51:54.177634+03:00,NOT_AVAILABLE,2026-07-07,2110,-865.1,0.41,TARIFF_41,posting matched
31268801-0056-1,3732641694,567668635,EVT-SET-SER-CREAM-ACNE,2026-07-04T00:38:04.069036+03:00,2026-07-04T00:38:04.069036+03:00,2026-07-04T00:38:24.250065+03:00,NOT_AVAILABLE,2026-07-07,1823,-747.43,0.41,TARIFF_41,posting matched
61540042-0453-1,3528293526,535581674,EVT-FT-MOIST-150,2026-06-27T09:20:25.328873+03:00,2026-06-27T09:20:25.328873+03:00,2026-06-27T09:20:31.823616+03:00,NOT_AVAILABLE,2026-07-07,872,-357.52,0.41,TARIFF_41,posting matched
70703101-0467-5,3733452761,868597351,EVT-SET-4PC-ACNE,2026-07-05T09:56:41.566034+03:00,2026-07-05T09:56:41.566034+03:00,2026-07-05T09:56:55.180905+03:00,NOT_AVAILABLE,2026-07-07,2923,-1198.43,0.41,TARIFF_41,posting matched
0259045069-0011-1,3530427102,535581675,EVT-FT-ACNE-150,2026-07-05T08:12:07.666444+03:00,2026-07-05T08:12:07.666444+03:00,2026-07-05T08:12:22.059424+03:00,NOT_AVAILABLE,2026-07-07,1148,-470.68,0.41,TARIFF_41,posting matched
96493684-0408-2,3733452761,868597351,EVT-SET-4PC-ACNE,2026-07-06T09:55:33.694006+03:00,2026-07-06T09:55:33.694006+03:00,2026-07-06T09:55:49.361276+03:00,NOT_AVAILABLE,2026-07-08,3014,-1235.74,0.41,TARIFF_41,posting matched
56930840-1301-1,3892345516,930334395,EVT-SET-HAND-CHERRY,2026-07-05T20:30:22.566285+03:00,2026-07-05T20:30:22.566285+03:00,2026-07-05T20:30:33.086584+03:00,NOT_AVAILABLE,2026-07-09,1416,-580.56,0.41,TARIFF_41,posting matched
0165406503-0109-1,3930712640,593111985,EVT-HC-AMBER-300,2026-07-05T20:19:14.018038+03:00,2026-07-05T20:19:14.018038+03:00,2026-07-05T20:19:26.115483+03:00,NOT_AVAILABLE,2026-07-09,1230,-504.3,0.41,TARIFF_41,posting matched
0135561752-0187-7,2974977988,438775617,EVT-FC-ACNE-50,2026-07-09T19:31:07.097182+03:00,2026-07-09T19:31:07.097182+03:00,2026-07-09T19:31:05.652443+03:00,NOT_AVAILABLE,2026-07-10,980,-401.8,0.41,TARIFF_41,posting matched
45950858-0570-5,3892518031,593111986,EVT-HC-CHERRY-300,2026-07-07T11:26:14.331993+03:00,2026-07-07T11:26:14.331993+03:00,2026-07-07T11:26:11.611714+03:00,NOT_AVAILABLE,2026-07-10,1176,-482.16,0.41,TARIFF_41,posting matched
0108994661-0444-1,3733452761,868597351,EVT-SET-4PC-ACNE,2026-07-06T18:58:22.911907+03:00,2026-07-06T18:58:22.911907+03:00,2026-07-06T18:58:34.860488+03:00,NOT_AVAILABLE,2026-07-11,3014,-1235.74,0.41,TARIFF_41,posting matched
0185211863-0348-21,2974977988,438775617,EVT-FC-ACNE-50,2026-07-08T10:57:20.257164+03:00,2026-07-08T10:57:20.257164+03:00,2026-07-08T10:57:15.256703+03:00,NOT_AVAILABLE,2026-07-11,990,-405.9,0.41,TARIFF_41,posting matched
0179497417-0075-3,3892345516,930334395,EVT-SET-HAND-CHERRY,2026-07-04T10:36:58.035840+03:00,2026-07-04T10:36:58.035840+03:00,2026-07-04T10:38:02.348608+03:00,NOT_AVAILABLE,2026-07-11,1416,-580.56,0.41,TARIFF_41,posting matched
0180077689-0909-3,1991772098,305101272,EVT-FS-MOIST-30,2026-07-05T18:20:29.734843+03:00,2026-07-05T18:20:29.734843+03:00,2026-07-05T18:20:28.425482+03:00,NOT_AVAILABLE,2026-07-12,1060,-434.6,0.41,TARIFF_41,posting matched
95668107-0106-3,3892223191,930334397,EVT-SET-CHERRY-AMBER,2026-07-01T00:59:14.404578+03:00,2026-07-01T00:59:14.404578+03:00,2026-07-01T00:59:12.493822+03:00,NOT_AVAILABLE,2026-07-12,1563,-640.83,0.41,TARIFF_41,posting matched
60898024-0103-1,1991772098,305101272,EVT-FS-MOIST-30,2026-07-08T11:33:24.298311+03:00,2026-07-08T11:33:24.298311+03:00,2026-07-08T11:51:10.317926+03:00,NOT_AVAILABLE,2026-07-13,896,-367.36,0.41,TARIFF_41,posting matched
0146583073-0455-1,3892345516,930334395,EVT-SET-HAND-CHERRY,2026-07-03T21:51:55.311747+03:00,2026-07-03T21:51:55.311747+03:00,2026-07-03T21:52:05.330668+03:00,NOT_AVAILABLE,2026-07-14,1416,-580.56,0.41,TARIFF_41,posting matched
77299780-0197-7,3735674506,910584041,EVT-SET-TON-SER-CREAM-ACNE,2026-07-07T11:10:00.324476+03:00,2026-07-07T11:10:00.324476+03:00,2026-07-07T11:09:57.144833+03:00,NOT_AVAILABLE,2026-07-14,2989,-1225.49,0.41,TARIFF_41,posting matched
77299780-0197-5,3735674506,910584041,EVT-SET-TON-SER-CREAM-ACNE,2026-07-07T11:10:00.148825+03:00,2026-07-07T11:10:00.148825+03:00,2026-07-07T11:09:57.144833+03:00,NOT_AVAILABLE,2026-07-14,2989,-1225.49,0.41,TARIFF_41,posting matched
77299780-0197-3,3735674506,910584041,EVT-SET-TON-SER-CREAM-ACNE,2026-07-07T11:09:49.078242+03:00,2026-07-07T11:09:49.078242+03:00,2026-07-07T11:09:57.144833+03:00,NOT_AVAILABLE,2026-07-14,2989,-1225.49,0.41,TARIFF_41,posting matched
04762031-0348-1,1997079254,252442517,EVT-HC-HAND-300,2026-07-16T22:25:06.183422+03:00,2026-07-16T22:25:06.183422+03:00,2026-07-16T22:25:15.805756+03:00,NOT_AVAILABLE,2026-07-18,586,-240.26,0.41,TARIFF_41,posting matched
13616023-0409-8,3543342130,535580776,EVT-EP-ENZYME-75,2026-07-16T23:23:52.292715+03:00,2026-07-16T23:23:52.292715+03:00,2026-07-16T23:24:06.250559+03:00,NOT_AVAILABLE,2026-07-18,1123,-460.43,0.41,TARIFF_41,posting matched
0123634155-0195-2,1991772098,305101272,EVT-FS-MOIST-30,2026-07-09T09:05:05.302526+03:00,2026-07-09T09:05:05.302526+03:00,2026-07-09T09:07:09.966785+03:00,NOT_AVAILABLE,2026-07-18,853,-349.73,0.41,TARIFF_41,posting matched
0203673302-0040-1,3733452761,868597351,EVT-SET-4PC-ACNE,2026-07-16T14:24:56.874835+03:00,2026-07-16T14:24:56.874835+03:00,2026-07-16T14:25:07.710206+03:00,NOT_AVAILABLE,2026-07-18,2841,-1164.81,0.41,TARIFF_41,posting matched
0212099013-0655-1,1997079254,252442517,EVT-HC-HAND-300,2026-07-13T15:31:51.812044+03:00,2026-07-13T15:31:51.812044+03:00,2026-07-13T15:32:05.005615+03:00,NOT_AVAILABLE,2026-07-19,650,-266.5,0.41,TARIFF_41,posting matched
62872616-0370-1,3735674506,910584041,EVT-SET-TON-SER-CREAM-ACNE,2026-07-17T09:46:13.617751+03:00,2026-07-17T09:46:13.617751+03:00,2026-07-17T09:46:22.286253+03:00,NOT_AVAILABLE,2026-07-19,2045,-838.45,0.41,TARIFF_41,posting matched
0222049648-0192-2,3735674506,910584041,EVT-SET-TON-SER-CREAM-ACNE,2026-07-18T12:30:15.998322+03:00,2026-07-18T12:30:15.998322+03:00,2026-07-18T12:30:29.101512+03:00,NOT_AVAILABLE,2026-07-19,2045,-838.45,0.41,TARIFF_41,posting matched
0190373639-0720-1,2974977988,438775617,EVT-FC-ACNE-50,2026-07-18T14:48:20.749108+03:00,2026-07-18T14:48:20.749108+03:00,2026-07-18T14:48:29.693908+03:00,NOT_AVAILABLE,2026-07-19,1021,-418.61,0.41,TARIFF_41,posting matched
0141595182-0290-5,3543342130,535580776,EVT-EP-ENZYME-75,2026-07-18T11:31:19.828765+03:00,2026-07-18T11:31:19.828765+03:00,2026-07-18T11:31:27.051521+03:00,NOT_AVAILABLE,2026-07-20,1123,-460.43,0.41,TARIFF_41,posting matched
0141595182-0290-7,2974977988,438775617,EVT-FC-ACNE-50,2026-07-18T11:31:31.786629+03:00,2026-07-18T11:31:31.786629+03:00,2026-07-18T11:31:27.051521+03:00,NOT_AVAILABLE,2026-07-20,1021,-418.61,0.41,TARIFF_41,posting matched
0152034345-0505-1,2974977988,438775617,EVT-FC-ACNE-50,2026-07-19T19:01:58.216448+03:00,2026-07-19T19:01:58.216448+03:00,2026-07-19T19:02:08.634737+03:00,NOT_AVAILABLE,2026-07-20,1021,-418.61,0.41,TARIFF_41,posting matched
34484499-0410-1,1997079254,252442517,EVT-HC-HAND-300,2026-07-18T13:17:17.433589+03:00,2026-07-18T13:17:17.433589+03:00,2026-07-18T13:17:24.074701+03:00,NOT_AVAILABLE,2026-07-20,586,-240.26,0.41,TARIFF_41,posting matched
0124422399-0338-1,1997079254,252442517,EVT-HC-HAND-300,2026-07-15T14:25:07.629001+03:00,2026-07-15T14:25:07.629001+03:00,2026-07-15T14:25:16.169394+03:00,NOT_AVAILABLE,2026-07-20,586,-240.26,0.41,TARIFF_41,posting matched
26617500-0814-1,3530427102,535581675,EVT-FT-ACNE-150,2026-07-19T21:15:05.669628+03:00,2026-07-19T21:15:05.669628+03:00,2026-07-19T21:15:30.293526+03:00,NOT_AVAILABLE,2026-07-20,1109,-454.69,0.41,TARIFF_41,posting matched
0152034345-0506-1,3543342130,535580776,EVT-EP-ENZYME-75,2026-07-19T20:57:39.969916+03:00,2026-07-19T20:57:39.969916+03:00,2026-07-19T20:57:49.251642+03:00,NOT_AVAILABLE,2026-07-21,1123,-460.43,0.41,TARIFF_41,posting matched
0152034345-0507-1,2974977988,438775617,EVT-FC-ACNE-50,2026-07-19T20:59:18.163878+03:00,2026-07-19T20:59:18.163878+03:00,2026-07-19T20:59:28.947374+03:00,NOT_AVAILABLE,2026-07-21,1021,-418.61,0.41,TARIFF_41,posting matched
0163752488-0152-1,1997079254,252442517,EVT-HC-HAND-300,2026-07-20T15:07:40.802305+03:00,2026-07-20T15:07:40.802305+03:00,2026-07-20T15:07:54.117563+03:00,NOT_AVAILABLE,2026-07-22,928,-380.48,0.41,TARIFF_41,posting matched
0221180046-0084-1,1991772098,305101272,EVT-FS-MOIST-30,2026-07-19T13:10:36.718986+03:00,2026-07-19T13:10:36.718986+03:00,2026-07-19T13:10:50.379212+03:00,NOT_AVAILABLE,2026-07-22,845,-346.45,0.41,TARIFF_41,posting matched
0208882878-0247-1,3733947454,909951444,EVT-SET-ACNE-POWDER-SERUM-CREAM,2026-07-19T18:22:56.462194+03:00,2026-07-19T18:22:56.462194+03:00,2026-07-19T18:23:09.285773+03:00,NOT_AVAILABLE,2026-07-22,1586,-650.26,0.41,TARIFF_41,posting matched
49551554-1311-1,3892223191,930334397,EVT-SET-CHERRY-AMBER,2026-07-20T13:23:41.532663+03:00,2026-07-20T13:23:41.532663+03:00,2026-07-20T13:23:57.955864+03:00,NOT_AVAILABLE,2026-07-23,1530,-627.3,0.41,TARIFF_41,posting matched
37650235-0538-1,1997079254,252442517,EVT-HC-HAND-300,2026-07-20T22:13:53.959085+03:00,2026-07-20T22:13:53.959085+03:00,2026-07-20T22:14:04.406488+03:00,NOT_AVAILABLE,2026-07-23,928,-380.48,0.41,TARIFF_41,posting matched
56648191-0141-2,3733452761,868597351,EVT-SET-4PC-ACNE,2026-07-19T07:04:43.948989+03:00,2026-07-19T07:04:43.948989+03:00,2026-07-19T07:04:55.754361+03:00,NOT_AVAILABLE,2026-07-23,2841,-1164.81,0.41,TARIFF_41,posting matched
74873204-0154-1,3892518031,593111986,EVT-HC-CHERRY-300,2026-07-21T21:03:30.955942+03:00,2026-07-21T21:03:30.955942+03:00,2026-07-21T21:03:37.766057+03:00,NOT_AVAILABLE,2026-07-23,1275,-522.75,0.41,TARIFF_41,posting matched
40648009-0543-2,3733452761,868597351,EVT-SET-4PC-ACNE,2026-07-21T05:46:09.797794+03:00,2026-07-21T05:46:09.797794+03:00,2026-07-21T05:46:21.692359+03:00,NOT_AVAILABLE,2026-07-24,3900,-1599,0.41,TARIFF_41,posting matched
0141467301-0288-4,3530427102,535581675,EVT-FT-ACNE-150,2026-07-15T13:16:00.106900+03:00,2026-07-15T13:16:00.106900+03:00,2026-07-15T13:16:08.200479+03:00,NOT_AVAILABLE,2026-07-25,1109,-454.69,0.41,TARIFF_41,posting matched
45076539-1500-1,3892518031,593111986,EVT-HC-CHERRY-300,2026-07-25T16:50:28.610775+03:00,2026-07-25T16:50:28.610775+03:00,2026-07-25T16:50:36.515265+03:00,NOT_AVAILABLE,2026-07-26,1101,-451.41,0.41,TARIFF_41,posting matched
24811115-0131-1,1994674912,305101361,EVT-FS-ACNE-30,2026-07-24T20:18:00.637403+03:00,2026-07-24T20:18:00.637403+03:00,2026-07-24T20:18:08.211824+03:00,NOT_AVAILABLE,2026-07-26,838,-343.58,0.41,TARIFF_41,posting matched
45366572-0290-1,3733947454,909951444,EVT-SET-ACNE-POWDER-SERUM-CREAM,2026-07-23T14:27:43.665392+03:00,2026-07-23T14:27:43.665392+03:00,2026-07-23T14:27:54.356082+03:00,NOT_AVAILABLE,2026-07-27,2216,-908.56,0.41,TARIFF_41,posting matched
0111425998-0187-1,2974977988,438775617,EVT-FC-ACNE-50,2026-07-25T07:32:18.995180+03:00,2026-07-25T07:32:18.995180+03:00,2026-07-25T07:32:27.263173+03:00,NOT_AVAILABLE,2026-07-27,1297,-531.77,0.41,TARIFF_41,posting matched
19380458-0073-1,1997079254,252442517,EVT-HC-HAND-300,2026-07-22T19:02:03.984583+03:00,2026-07-22T19:02:03.984583+03:00,2026-07-22T19:02:13.547102+03:00,NOT_AVAILABLE,2026-07-28,861,-353.01,0.41,TARIFF_41,posting matched
35975313-2379-1,3892518031,593111986,EVT-HC-CHERRY-300,2026-07-24T18:57:58.398677+03:00,2026-07-24T18:57:58.398677+03:00,2026-07-24T18:58:12.548896+03:00,NOT_AVAILABLE,2026-07-28,1101,-451.41,0.41,TARIFF_41,posting matched
47847213-0182-2,3733452761,868597351,EVT-SET-4PC-ACNE,2026-07-24T08:18:34.999596+03:00,2026-07-24T08:18:34.999596+03:00,2026-07-24T08:18:41.776705+03:00,NOT_AVAILABLE,2026-07-28,4101,-1681.41,0.41,TARIFF_41,posting matched
59369293-0082-1,3892518031,593111986,EVT-HC-CHERRY-300,2026-07-26T21:13:21.489457+03:00,2026-07-26T21:13:21.489457+03:00,2026-07-26T21:13:31.411545+03:00,NOT_AVAILABLE,2026-07-29,1101,-451.41,0.41,TARIFF_41,posting matched
87896916-0043-1,3530427102,535581675,EVT-FT-ACNE-150,2026-07-21T08:59:34.372092+03:00,2026-07-21T08:59:34.372092+03:00,2026-07-21T08:59:49.444675+03:00,NOT_AVAILABLE,2026-07-30,1640,-672.4,0.41,TARIFF_41,posting matched
71657300-1177-1,3892518031,593111986,EVT-HC-CHERRY-300,2026-07-26T10:57:13.137420+03:00,2026-07-26T10:57:13.137420+03:00,2026-07-26T10:57:24.099361+03:00,NOT_AVAILABLE,2026-07-30,1101,-451.41,0.41,TARIFF_41,posting matched
61986072-0385-3,1991772098,305101272,EVT-FS-MOIST-30,2026-07-28T21:59:25.100993+03:00,2026-07-28T21:59:25.100993+03:00,2026-07-28T21:59:20.790071+03:00,NOT_AVAILABLE,2026-07-30,1280,-524.8,0.41,TARIFF_41,posting matched
80694950-0266-1,3892518031,593111986,EVT-HC-CHERRY-300,2026-07-29T21:24:15.218298+03:00,2026-07-29T21:24:15.218298+03:00,2026-07-29T21:24:27.555891+03:00,NOT_AVAILABLE,2026-07-30,1093,-448.13,0.41,TARIFF_41,posting matched
0123272455-0150-1,3543342130,535580776,EVT-EP-ENZYME-75,2026-07-27T23:15:37.604504+03:00,2026-07-27T23:15:37.604504+03:00,2026-07-27T23:15:47.154628+03:00,NOT_AVAILABLE,2026-07-31,1132,-464.12,0.41,TARIFF_41,posting matched
65089096-0111-9,3892518031,593111986,EVT-HC-CHERRY-300,2026-07-26T11:15:06.832973+03:00,2026-07-26T11:15:06.832973+03:00,2026-07-26T11:15:05.123484+03:00,NOT_AVAILABLE,2026-07-31,1101,-451.41,0.41,TARIFF_41,posting matched
0200868862-0038-1,3530427102,535581675,EVT-FT-ACNE-150,2026-07-29T17:20:42.338075+03:00,2026-07-29T17:20:42.338075+03:00,2026-07-29T17:22:21.087327+03:00,NOT_AVAILABLE,2026-07-31,1128,-462.48,0.41,TARIFF_41,posting matched
51078388-0251-1,1991772098,305101272,EVT-FS-MOIST-30,2026-07-30T06:01:31.046524+03:00,2026-07-30T06:01:31.046524+03:00,2026-07-30T06:01:42.300280+03:00,NOT_AVAILABLE,2026-07-31,959,-393.19,0.41,TARIFF_41,posting matched
0105883992-0276-1,2974977988,438775617,EVT-FC-ACNE-50,2026-07-30T09:58:22.220793+03:00,2026-07-30T09:58:22.220793+03:00,2026-07-30T09:58:35.814751+03:00,NOT_AVAILABLE,2026-08-01,1297,-531.77,0.41,TARIFF_41,posting matched
0105883992-0275-1,3530427102,535581675,EVT-FT-ACNE-150,2026-07-30T09:57:28.295427+03:00,2026-07-30T09:57:28.295427+03:00,2026-07-30T09:57:42.667182+03:00,NOT_AVAILABLE,2026-08-01,1128,-462.48,0.41,TARIFF_41,posting matched
0120358253-0671-1,3530427102,535581675,EVT-FT-ACNE-150,2026-07-28T12:16:59.908271+03:00,2026-07-28T12:16:59.908271+03:00,2026-07-28T12:17:08.973057+03:00,NOT_AVAILABLE,2026-08-01,1000,-410,0.41,TARIFF_41,posting matched
11031669-1332-2,1991772098,305101272,EVT-FS-MOIST-30,2026-07-30T07:59:01.128080+03:00,2026-07-30T07:59:01.128080+03:00,2026-07-30T07:59:16.598812+03:00,NOT_AVAILABLE,2026-08-01,959,-393.19,0.41,TARIFF_41,posting matched
41512917-1756-1,3892223191,930334397,EVT-SET-CHERRY-AMBER,2026-07-30T22:11:14.767718+03:00,2026-07-30T22:11:14.767718+03:00,2026-07-30T22:11:21.586165+03:00,NOT_AVAILABLE,2026-08-01,1203,-493.23,0.41,TARIFF_41,posting matched
47943143-1596-1,1997079254,252442517,EVT-HC-HAND-300,2026-07-29T21:48:56.547649+03:00,2026-07-29T21:48:56.547649+03:00,2026-07-29T21:49:10.957164+03:00,NOT_AVAILABLE,2026-08-02,900,-369,0.41,TARIFF_41,posting matched
73572762-0103-1,1997079254,252442517,EVT-HC-HAND-300,2026-07-29T16:21:47.034349+03:00,2026-07-29T16:21:47.034349+03:00,2026-07-29T16:40:07.016061+03:00,NOT_AVAILABLE,2026-08-03,900,-369,0.41,TARIFF_41,posting matched
49815229-0188-1,1994674912,305101361,EVT-FS-ACNE-30,2026-08-02T09:52:55.561914+03:00,2026-08-02T09:52:55.561914+03:00,2026-08-02T09:53:02.741110+03:00,NOT_AVAILABLE,2026-08-04,838,-343.58,0.41,TARIFF_41,posting matched
0173384289-0379-1,1997079254,252442517,EVT-HC-HAND-300,2026-07-29T22:18:26.511910+03:00,2026-07-29T22:18:26.511910+03:00,2026-07-29T22:18:40.020636+03:00,NOT_AVAILABLE,2026-08-04,900,-369,0.41,TARIFF_41,posting matched
86919179-0120-2,1991772098,305101272,EVT-FS-MOIST-30,2026-07-28T19:06:06.164740+03:00,2026-07-28T19:06:06.164740+03:00,2026-07-28T19:06:14.372305+03:00,NOT_AVAILABLE,2026-08-04,1280,-524.8,0.41,TARIFF_41,posting matched
80015267-0527-1,3733452761,868597351,EVT-SET-4PC-ACNE,2026-08-02T10:05:49.584986+03:00,2026-08-02T10:05:49.584986+03:00,2026-08-02T10:05:56.426408+03:00,NOT_AVAILABLE,2026-08-04,3886,-1593.26,0.41,TARIFF_41,posting matched
38446414-0599-1,3892518031,593111986,EVT-HC-CHERRY-300,2026-08-03T01:40:44.523510+03:00,2026-08-03T01:40:44.523510+03:00,2026-08-03T01:40:53.700226+03:00,NOT_AVAILABLE,2026-08-04,965,-395.65,0.41,TARIFF_41,posting matched
97657494-0297-1,3530427102,535581675,EVT-FT-ACNE-150,2026-08-04T14:34:31.584506+03:00,2026-08-04T14:34:31.584506+03:00,2026-08-04T14:34:39.460116+03:00,NOT_AVAILABLE,2026-08-05,903,-370.23,0.41,TARIFF_41,posting matched
0223273019-0056-1,1991772098,305101272,EVT-FS-MOIST-30,2026-08-01T04:58:36.838081+03:00,2026-08-01T04:58:36.838081+03:00,2026-08-01T04:58:54.562013+03:00,NOT_AVAILABLE,2026-08-05,959,-393.19,0.41,TARIFF_41,posting matched
0186491498-0012-1,1991772098,305101272,EVT-FS-MOIST-30,2026-07-30T07:13:08.768748+03:00,2026-07-30T07:13:08.768748+03:00,2026-07-30T07:13:20.524412+03:00,NOT_AVAILABLE,2026-08-05,959,-393.19,0.41,TARIFF_41,posting matched
0215126714-0001-3,3733947454,909951444,EVT-SET-ACNE-POWDER-SERUM-CREAM,2026-07-30T15:55:40.464292+03:00,2026-07-30T15:55:40.464292+03:00,2026-07-30T15:58:45.933833+03:00,NOT_AVAILABLE,2026-08-05,2141,-877.81,0.41,TARIFF_41,posting matched
0215126714-0001-2,3530427102,535581675,EVT-FT-ACNE-150,2026-07-30T15:55:40.464292+03:00,2026-07-30T15:55:40.464292+03:00,2026-07-30T15:58:45.933833+03:00,NOT_AVAILABLE,2026-08-05,1128,-462.48,0.41,TARIFF_41,posting matched
35975313-2379-1,3892518031,593111986,EVT-HC-CHERRY-300,2026-07-24T18:57:58.398677+03:00,2026-07-24T18:57:58.398677+03:00,2026-07-24T18:58:12.548896+03:00,NOT_AVAILABLE,2026-08-05,-1101,451.41,0.41,TARIFF_41,posting matched
45223921-0097-1,3892518031,593111986,EVT-HC-CHERRY-300,2026-08-03T22:46:20.602288+03:00,2026-08-03T22:46:20.602288+03:00,2026-08-03T22:46:27.789911+03:00,NOT_AVAILABLE,2026-08-05,965,-395.65,0.41,TARIFF_41,posting matched
0136467475-0045-3,1994674912,305101361,EVT-FS-ACNE-30,2026-08-02T15:03:04.616492+03:00,2026-08-02T15:03:04.616492+03:00,2026-08-02T15:03:03.357496+03:00,NOT_AVAILABLE,2026-08-05,929,-380.89,0.41,TARIFF_41,posting matched
0208415347-0077-1,1994674912,305101361,EVT-FS-ACNE-30,2026-08-03T17:44:27.470203+03:00,2026-08-03T17:44:27.470203+03:00,2026-08-03T17:44:39.838761+03:00,NOT_AVAILABLE,2026-08-06,929,-380.89,0.41,TARIFF_41,posting matched
0140260783-0103-1,1997079254,252442517,EVT-HC-HAND-300,2026-07-19T12:30:01.325148+03:00,2026-07-19T12:30:01.325148+03:00,2026-07-19T12:30:13.965827+03:00,NOT_AVAILABLE,2026-08-06,586,-240.26,0.41,TARIFF_41,posting matched
94119088-0045-1,3530427102,535581675,EVT-FT-ACNE-150,2026-07-31T11:32:53.500163+03:00,2026-07-31T11:32:53.500163+03:00,2026-07-31T11:33:05.560930+03:00,NOT_AVAILABLE,2026-08-06,1128,-462.48,0.41,TARIFF_41,posting matched
0223481492-0184-1,3530427102,535581675,EVT-FT-ACNE-150,2026-08-04T13:16:34.043491+03:00,2026-08-04T13:16:34.043491+03:00,2026-08-04T13:16:46.100837+03:00,NOT_AVAILABLE,2026-08-06,903,-370.23,0.41,TARIFF_41,posting matched
33685950-0517-1,3528293526,535581674,EVT-FT-MOIST-150,2026-08-04T16:18:55.593066+03:00,2026-08-04T16:18:55.593066+03:00,2026-08-04T16:19:06.509595+03:00,NOT_AVAILABLE,2026-08-06,886,-363.26,0.41,TARIFF_41,posting matched
33685950-0517-3,3528293526,535581674,EVT-FT-MOIST-150,2026-08-04T16:19:08.110650+03:00,2026-08-04T16:19:08.110650+03:00,2026-08-04T16:19:06.509595+03:00,NOT_AVAILABLE,2026-08-06,886,-363.26,0.41,TARIFF_41,posting matched
0127292139-0792-1,1994674912,305101361,EVT-FS-ACNE-30,2026-08-03T10:50:02.480975+03:00,2026-08-03T10:50:02.480975+03:00,2026-08-03T10:50:09.172719+03:00,NOT_AVAILABLE,2026-08-07,929,-380.89,0.41,TARIFF_41,posting matched
68164701-0072-1,2974977988,438775617,EVT-FC-ACNE-50,2026-07-31T19:22:09.769090+03:00,2026-07-31T19:22:09.769090+03:00,2026-07-31T19:22:18.333855+03:00,NOT_AVAILABLE,2026-08-07,1297,-531.77,0.41,TARIFF_41,posting matched
72915247-0880-1,1994674912,305101361,EVT-FS-ACNE-30,2026-08-05T21:53:22.947075+03:00,2026-08-05T21:53:22.947075+03:00,2026-08-05T21:53:32.732134+03:00,NOT_AVAILABLE,2026-08-08,847,-347.27,0.41,TARIFF_41,posting matched
0265522284-0003-1,1991772098,305101272,EVT-FS-MOIST-30,2026-08-06T17:21:42.080241+03:00,2026-08-06T17:21:42.080241+03:00,2026-08-06T17:23:21.101222+03:00,NOT_AVAILABLE,2026-08-08,953,-390.73,0.41,TARIFF_41,posting matched
30007816-0087-1,3930712640,593111985,EVT-HC-AMBER-300,2026-08-07T12:37:09.400101+03:00,2026-08-07T12:37:09.400101+03:00,2026-08-07T12:37:17.535214+03:00,NOT_AVAILABLE,2026-08-08,905,-371.05,0.41,TARIFF_41,posting matched
49341158-0067-1,1994674912,305101361,EVT-FS-ACNE-30,2026-08-02T13:00:28.519620+03:00,2026-08-02T13:00:28.519620+03:00,2026-08-02T13:00:35.806705+03:00,NOT_AVAILABLE,2026-08-08,929,-380.89,0.41,TARIFF_41,posting matched
21599377-0481-1,1997079254,252442517,EVT-HC-HAND-300,2026-08-03T17:46:49.392427+03:00,2026-08-03T17:46:49.392427+03:00,2026-08-03T17:46:59.700951+03:00,NOT_AVAILABLE,2026-08-08,900,-369,0.41,TARIFF_41,posting matched
0140661284-0013-6,3543342130,535580776,EVT-EP-ENZYME-75,2026-08-07T06:34:39.296226+03:00,2026-08-07T06:34:39.296226+03:00,2026-08-07T06:45:42.613723+03:00,NOT_AVAILABLE,2026-08-08,930,-381.3,0.41,TARIFF_41,posting matched
45950858-0577-1,3892518031,593111986,EVT-HC-CHERRY-300,2026-08-05T19:59:59.066627+03:00,2026-08-05T19:59:59.066627+03:00,2026-08-05T20:00:16.542152+03:00,NOT_AVAILABLE,2026-08-08,965,-395.65,0.41,TARIFF_41,posting matched
48277024-1448-1,3735674506,910584041,EVT-SET-TON-SER-CREAM-ACNE,2026-08-06T19:40:47.851855+03:00,2026-08-06T19:40:47.851855+03:00,2026-08-06T19:41:02.080436+03:00,NOT_AVAILABLE,2026-08-08,2100,-861,0.41,TARIFF_41,posting matched
19219798-0308-1,3530427102,535581675,EVT-FT-ACNE-150,2026-08-07T00:22:46.008440+03:00,2026-08-07T00:22:46.008440+03:00,2026-08-07T00:22:53.973409+03:00,NOT_AVAILABLE,2026-08-08,950,-389.5,0.41,TARIFF_41,posting matched
0165818245-0019-1,3530427102,535581675,EVT-FT-ACNE-150,2026-08-06T21:44:13.079696+03:00,2026-08-06T21:44:13.079696+03:00,2026-08-06T21:44:24.763948+03:00,NOT_AVAILABLE,2026-08-08,950,-389.5,0.41,TARIFF_41,posting matched
45076539-1541-1,3930712640,593111985,EVT-HC-AMBER-300,2026-08-07T14:54:36.124079+03:00,2026-08-07T14:54:36.124079+03:00,2026-08-07T14:54:45.282001+03:00,NOT_AVAILABLE,2026-08-08,898,-368.18,0.41,TARIFF_41,posting matched
46083531-0525-5,3732641694,567668635,EVT-SET-SER-CREAM-ACNE,2026-08-05T15:31:29.296447+03:00,2026-08-05T15:31:29.296447+03:00,2026-08-05T15:31:42.338090+03:00,NOT_AVAILABLE,2026-08-08,1180,-483.8,0.41,TARIFF_41,posting matched
41560617-0505-1,3892223191,930334397,EVT-SET-CHERRY-AMBER,2026-08-06T21:36:35.557904+03:00,2026-08-06T21:36:35.557904+03:00,2026-08-06T21:36:50.260661+03:00,NOT_AVAILABLE,2026-08-08,1165,-477.65,0.41,TARIFF_41,posting matched
41313800-0429-14,1991772098,305101272,EVT-FS-MOIST-30,2026-08-04T10:14:19.125432+03:00,2026-08-04T10:14:19.125432+03:00,2026-08-04T10:14:30.473104+03:00,NOT_AVAILABLE,2026-08-08,915,-375.15,0.41,TARIFF_41,posting matched
60529449-0144-1,3528293526,535581674,EVT-FT-MOIST-150,2026-08-07T07:30:16.294248+03:00,2026-08-07T07:30:16.294248+03:00,2026-08-07T07:30:48.469111+03:00,NOT_AVAILABLE,2026-08-09,950,-389.5,0.41,TARIFF_41,posting matched
71123615-0099-4,1997079254,252442517,EVT-HC-HAND-300,2026-08-05T07:31:04.387711+03:00,2026-08-05T07:31:04.387711+03:00,2026-08-05T07:32:11.858538+03:00,NOT_AVAILABLE,2026-08-09,819,-335.79,0.41,TARIFF_41,posting matched
68059511-0042-1,1991772098,305101272,EVT-FS-MOIST-30,2026-07-30T17:58:26.283496+03:00,2026-07-30T17:58:26.283496+03:00,2026-07-30T17:58:34.917166+03:00,NOT_AVAILABLE,2026-08-09,959,-393.19,0.41,TARIFF_41,posting matched
0223481492-0186-1,3732641694,567668635,EVT-SET-SER-CREAM-ACNE,2026-08-05T12:25:04.598173+03:00,2026-08-05T12:25:04.598173+03:00,2026-08-05T12:25:20.460195+03:00,NOT_AVAILABLE,2026-08-09,1080,-442.8,0.41,TARIFF_41,posting matched
76317668-0099-5,3892518031,593111986,EVT-HC-CHERRY-300,2026-08-05T08:13:48.744030+03:00,2026-08-05T08:13:48.744030+03:00,2026-08-05T08:13:47.627889+03:00,NOT_AVAILABLE,2026-08-09,965,-395.65,0.41,TARIFF_41,posting matched
76317668-0099-4,3892518031,593111986,EVT-HC-CHERRY-300,2026-08-05T08:13:38.280635+03:00,2026-08-05T08:13:38.280635+03:00,2026-08-05T08:13:47.627889+03:00,NOT_AVAILABLE,2026-08-09,965,-395.65,0.41,TARIFF_41,posting matched
39617856-0320-1,3530427102,535581675,EVT-FT-ACNE-150,2026-08-05T17:32:59.493154+03:00,2026-08-05T17:32:59.493154+03:00,2026-08-05T17:33:09.473242+03:00,NOT_AVAILABLE,2026-08-10,950,-389.5,0.41,TARIFF_41,posting matched
51966204-0201-1,1997079254,252442517,EVT-HC-HAND-300,2026-08-05T11:25:19.741461+03:00,2026-08-05T11:25:19.741461+03:00,2026-08-05T11:25:30.102413+03:00,NOT_AVAILABLE,2026-08-10,819,-335.79,0.41,TARIFF_41,posting matched
47143487-1076-1,1997079254,252442517,EVT-HC-HAND-300,2026-08-07T00:17:54.835453+03:00,2026-08-07T00:17:54.835453+03:00,2026-08-07T00:18:04.748851+03:00,NOT_AVAILABLE,2026-08-10,819,-335.79,0.41,TARIFF_41,posting matched
0134082945-0082-5,3733452761,868597351,EVT-SET-4PC-ACNE,2026-08-06T10:07:07.753854+03:00,2026-08-06T10:07:07.753854+03:00,2026-08-06T10:07:20.448677+03:00,NOT_AVAILABLE,2026-08-10,2900,-1189,0.41,TARIFF_41,posting matched
0121467160-0295-1,3930712640,593111985,EVT-HC-AMBER-300,2026-08-06T23:49:49.132789+03:00,2026-08-06T23:49:49.132789+03:00,2026-08-06T23:49:57.584168+03:00,NOT_AVAILABLE,2026-08-10,905,-371.05,0.41,TARIFF_41,posting matched
0165380790-0162-1,3735674506,910584041,EVT-SET-TON-SER-CREAM-ACNE,2026-08-08T22:23:21.589684+03:00,2026-08-08T22:23:21.589684+03:00,2026-08-08T22:23:36.165109+03:00,NOT_AVAILABLE,2026-08-10,2100,-861,0.41,TARIFF_41,posting matched
48828969-0054-2,1994674912,305101361,EVT-FS-ACNE-30,2026-08-08T21:34:36.251710+03:00,2026-08-08T21:34:36.251710+03:00,2026-08-08T21:35:15.479518+03:00,NOT_AVAILABLE,2026-08-10,842,-345.22,0.41,TARIFF_41,posting matched
0152518815-0117-1,1994674912,305101361,EVT-FS-ACNE-30,2026-08-08T16:42:13.389536+03:00,2026-08-08T16:42:13.389536+03:00,2026-08-08T16:42:25.236402+03:00,NOT_AVAILABLE,2026-08-10,842,-345.22,0.41,TARIFF_41,posting matched
0124128699-0064-3,3530427102,535581675,EVT-FT-ACNE-150,2026-08-07T13:38:55.968467+03:00,2026-08-07T13:38:55.968467+03:00,2026-08-07T13:39:08.917956+03:00,NOT_AVAILABLE,2026-08-10,950,-389.5,0.41,TARIFF_41,posting matched
42884911-2242-1,3528293526,535581674,EVT-FT-MOIST-150,2026-08-07T19:39:49.435344+03:00,2026-08-07T19:39:49.435344+03:00,2026-08-07T19:39:59.356145+03:00,NOT_AVAILABLE,2026-08-11,950,-389.5,0.41,TARIFF_41,posting matched
42496622-0049-1,1991772098,305101272,EVT-FS-MOIST-30,2026-08-08T20:04:28.273151+03:00,2026-08-08T20:04:28.273151+03:00,2026-08-08T20:04:36.435722+03:00,NOT_AVAILABLE,2026-08-11,953,-390.73,0.41,TARIFF_41,posting matched
58627763-0668-1,3892345516,930334395,EVT-SET-HAND-CHERRY,2026-08-09T12:52:48.707368+03:00,2026-08-09T12:52:48.707368+03:00,2026-08-09T12:53:02.232194+03:00,NOT_AVAILABLE,2026-08-11,1161,-476.01,0.41,TARIFF_41,posting matched
19006347-0184-1,3528293526,535581674,EVT-FT-MOIST-150,2026-08-09T17:53:24.484790+03:00,2026-08-09T17:53:24.484790+03:00,2026-08-09T17:53:31.266436+03:00,NOT_AVAILABLE,2026-08-11,950,-389.5,0.41,TARIFF_41,posting matched
0109172114-0223-1,3528293526,535581674,EVT-FT-MOIST-150,2026-08-07T16:17:40.843718+03:00,2026-08-07T16:17:40.843718+03:00,2026-08-07T16:18:34.045649+03:00,NOT_AVAILABLE,2026-08-11,950,-389.5,0.41,TARIFF_41,posting matched
87329904-0177-12,1997079254,252442517,EVT-HC-HAND-300,2026-08-08T07:33:11.829316+03:00,2026-08-08T07:33:11.829316+03:00,2026-08-08T07:33:25.893763+03:00,NOT_AVAILABLE,2026-08-12,819,-335.79,0.41,TARIFF_41,posting matched
0155224134-0383-1,3892410843,930334396,EVT-SET-HAND-AMBER,2026-08-08T18:35:59.017891+03:00,2026-08-08T18:35:59.017891+03:00,2026-08-08T18:36:08.191428+03:00,NOT_AVAILABLE,2026-08-12,1000,-410,0.41,TARIFF_41,posting matched
36589423-0568-4,3530427102,535581675,EVT-FT-ACNE-150,2026-08-09T21:34:50.282879+03:00,2026-08-09T21:34:50.282879+03:00,2026-08-09T21:34:57.593652+03:00,NOT_AVAILABLE,2026-08-12,950,-389.5,0.41,TARIFF_41,posting matched
90842828-0173-1,1991772098,305101272,EVT-FS-MOIST-30,2026-08-08T15:10:47.982381+03:00,2026-08-08T15:10:47.982381+03:00,2026-08-08T15:10:56.035969+03:00,NOT_AVAILABLE,2026-08-12,953,-390.73,0.41,TARIFF_41,posting matched
89859010-0202-1,2974977988,438775617,EVT-FC-ACNE-50,2026-08-08T21:15:23.199042+03:00,2026-08-08T21:15:23.199042+03:00,2026-08-08T21:15:33.631903+03:00,NOT_AVAILABLE,2026-08-12,990,-405.9,0.41,TARIFF_41,posting matched
31616016-0359-1,1997079254,252442517,EVT-HC-HAND-300,2026-08-09T15:05:52.920326+03:00,2026-08-09T15:05:52.920326+03:00,2026-08-09T15:06:00.462904+03:00,NOT_AVAILABLE,2026-08-13,819,-335.79,0.41,TARIFF_41,posting matched
82459851-0581-2,1991772098,305101272,EVT-FS-MOIST-30,2026-08-10T19:40:15.953636+03:00,2026-08-10T19:40:15.953636+03:00,2026-08-10T19:41:16.305884+03:00,NOT_AVAILABLE,2026-08-13,953,-390.73,0.41,TARIFF_41,posting matched
0199341339-0226-1,2974977988,438775617,EVT-FC-ACNE-50,2026-08-10T16:55:58.005682+03:00,2026-08-10T16:55:58.005682+03:00,2026-08-10T16:56:09.648696+03:00,NOT_AVAILABLE,2026-08-14,990,-405.9,0.41,TARIFF_41,posting matched
0136965249-0473-1,3528293526,535581674,EVT-FT-MOIST-150,2026-08-04T17:14:06.053954+03:00,2026-08-04T17:14:06.053954+03:00,2026-08-04T17:14:18.981377+03:00,NOT_AVAILABLE,2026-08-14,886,-363.26,0.41,TARIFF_41,posting matched
0107139651-0344-2,3733452761,868597351,EVT-SET-4PC-ACNE,2026-08-10T16:40:01.246415+03:00,2026-08-10T16:40:01.246415+03:00,2026-08-10T16:40:13.514064+03:00,NOT_AVAILABLE,2026-08-14,2900,-1189,0.41,TARIFF_41,posting matched
0225390476-0028-1,2974977988,438775617,EVT-FC-ACNE-50,2026-08-11T23:09:03.942631+03:00,2026-08-11T23:09:03.942631+03:00,2026-08-11T23:09:11.828795+03:00,NOT_AVAILABLE,2026-08-14,990,-405.9,0.41,TARIFF_41,posting matched
34101060-0614-1,3530427102,535581675,EVT-FT-ACNE-150,2026-08-12T12:22:16.019494+03:00,2026-08-12T12:22:16.019494+03:00,2026-08-12T12:22:31.938134+03:00,NOT_AVAILABLE,2026-08-14,950,-389.5,0.41,TARIFF_41,posting matched
0248037575-0018-1,3530427102,535581675,EVT-FT-ACNE-150,2026-08-04T15:48:23.969735+03:00,2026-08-04T15:48:23.969735+03:00,2026-08-04T15:48:33.015631+03:00,NOT_AVAILABLE,2026-08-14,903,-370.23,0.41,TARIFF_41,posting matched
0184194448-0932-1,1991772098,305101272,EVT-FS-MOIST-30,2026-08-12T08:49:46.225567+03:00,2026-08-12T08:49:46.225567+03:00,2026-08-12T08:49:56.267678+03:00,NOT_AVAILABLE,2026-08-15,947,-388.27,0.41,TARIFF_41,posting matched
0171109584-0862-1,3735674506,910584041,EVT-SET-TON-SER-CREAM-ACNE,2026-08-13T23:49:01.663128+03:00,2026-08-13T23:49:01.663128+03:00,2026-08-13T23:49:29.101215+03:00,NOT_AVAILABLE,2026-08-15,1950,-799.5,0.41,TARIFF_41,posting matched
58544176-0238-1,3892518031,593111986,EVT-HC-CHERRY-300,2026-08-13T23:58:15.744809+03:00,2026-08-13T23:58:15.744809+03:00,2026-08-13T23:58:21.991933+03:00,NOT_AVAILABLE,2026-08-15,1001,-410.41,0.41,TARIFF_41,posting matched
95052185-0216-1,1994674912,305101361,EVT-FS-ACNE-30,2026-08-14T22:56:41.926168+03:00,2026-08-14T22:56:41.926168+03:00,2026-08-14T22:56:50.290391+03:00,NOT_AVAILABLE,2026-08-15,1208,-495.28,0.41,TARIFF_41,posting matched
90331413-0218-1,3892223191,930334397,EVT-SET-CHERRY-AMBER,2026-08-13T22:49:00.557761+03:00,2026-08-13T22:49:00.557761+03:00,2026-08-13T22:49:08.475000+03:00,NOT_AVAILABLE,2026-08-15,1185,-485.85,0.41,TARIFF_41,posting matched
0179415481-0008-1,3733452761,868597351,EVT-SET-4PC-ACNE,2026-08-13T10:09:16.414199+03:00,2026-08-13T10:09:16.414199+03:00,2026-08-13T10:09:27.094708+03:00,NOT_AVAILABLE,2026-08-16,2982,-1222.62,0.41,TARIFF_41,posting matched
46179118-0187-1,1994674912,305101361,EVT-FS-ACNE-30,2026-08-12T13:01:48.646144+03:00,2026-08-12T13:01:48.646144+03:00,2026-08-12T13:01:55.426456+03:00,NOT_AVAILABLE,2026-08-17,842,-345.22,0.41,TARIFF_41,posting matched
0147594116-0225-1,3543342130,535580776,EVT-EP-ENZYME-75,2026-08-14T13:19:59.084266+03:00,2026-08-14T13:19:59.084266+03:00,2026-08-14T13:20:10.496453+03:00,NOT_AVAILABLE,2026-08-17,1009,-413.69,0.41,TARIFF_41,posting matched
32451649-0162-1,1994674912,305101361,EVT-FS-ACNE-30,2026-08-12T14:19:47.377195+03:00,2026-08-12T14:19:47.377195+03:00,2026-08-12T14:19:58.547162+03:00,NOT_AVAILABLE,2026-08-17,1208,-495.28,0.41,TARIFF_41,posting matched
32451649-0162-2,3530427102,535581675,EVT-FT-ACNE-150,2026-08-12T14:19:47.377195+03:00,2026-08-12T14:19:47.377195+03:00,2026-08-12T14:19:58.547162+03:00,NOT_AVAILABLE,2026-08-17,998,-409.18,0.41,TARIFF_41,posting matched
85223382-0071-1,3543342130,535580776,EVT-EP-ENZYME-75,2026-08-13T19:06:04.460202+03:00,2026-08-13T19:06:04.460202+03:00,2026-08-13T19:06:12.317730+03:00,NOT_AVAILABLE,2026-08-17,884,-362.44,0.41,TARIFF_41,posting matched
33084752-0122-3,3732641694,567668635,EVT-SET-SER-CREAM-ACNE,2026-08-10T18:07:52.892307+03:00,2026-08-10T18:07:52.892307+03:00,2026-08-10T18:08:05.514920+03:00,NOT_AVAILABLE,2026-08-17,1150,-471.5,0.41,TARIFF_41,posting matched
0144640483-1277-1,1994674912,305101361,EVT-FS-ACNE-30,2026-08-13T12:20:13.059024+03:00,2026-08-13T12:20:13.059024+03:00,2026-08-13T12:20:19.889907+03:00,NOT_AVAILABLE,2026-08-17,1208,-495.28,0.41,TARIFF_41,posting matched
0214571384-0132-1,2974977988,438775617,EVT-FC-ACNE-50,2026-08-17T14:44:39.234089+03:00,2026-08-17T14:44:39.234089+03:00,2026-08-17T14:44:50.226601+03:00,NOT_AVAILABLE,2026-08-18,1253,-513.73,0.41,TARIFF_41,posting matched
0105722714-0024-1,3530427102,535581675,EVT-FT-ACNE-150,2026-08-12T23:08:37.868880+03:00,2026-08-12T23:08:37.868880+03:00,2026-08-12T23:08:51.944334+03:00,NOT_AVAILABLE,2026-08-19,998,-409.18,0.41,TARIFF_41,posting matched
56465299-1715-1,2974977988,438775617,EVT-FC-ACNE-50,2026-08-13T18:45:43.319021+03:00,2026-08-13T18:45:43.319021+03:00,2026-08-13T18:45:51.962456+03:00,NOT_AVAILABLE,2026-08-19,1289,-528.49,0.41,TARIFF_41,posting matched
74808536-0264-1,1997079254,252442517,EVT-HC-HAND-300,2026-08-14T15:32:17.472775+03:00,2026-08-14T15:32:17.472775+03:00,2026-08-14T15:32:24.761765+03:00,NOT_AVAILABLE,2026-08-19,813,-333.33,0.41,TARIFF_41,posting matched
51216994-0149-1,3892518031,593111986,EVT-HC-CHERRY-300,2026-08-16T07:33:42.520703+03:00,2026-08-16T07:33:42.520703+03:00,2026-08-16T07:33:52.538630+03:00,NOT_AVAILABLE,2026-08-19,1001,-410.41,0.41,TARIFF_41,posting matched
0177187200-0263-11,3735674506,910584041,EVT-SET-TON-SER-CREAM-ACNE,2026-08-17T22:49:16.427197+03:00,2026-08-17T22:49:16.427197+03:00,2026-08-17T22:49:15.337170+03:00,NOT_AVAILABLE,2026-08-19,1950,-799.5,0.41,TARIFF_41,posting matched
29739629-0172-1,3528293526,535581674,EVT-FT-MOIST-150,2026-08-18T16:23:25.252888+03:00,2026-08-18T16:23:25.252888+03:00,2026-08-18T16:23:33.529905+03:00,NOT_AVAILABLE,2026-08-19,996,-408.36,0.41,TARIFF_41,posting matched
58739777-0002-21,3733452761,868597351,EVT-SET-4PC-ACNE,2026-08-10T12:32:50.132135+03:00,2026-08-10T12:32:50.132135+03:00,2026-08-10T12:32:46.775744+03:00,NOT_AVAILABLE,2026-08-20,2900,-1189,0.41,TARIFF_41,posting matched
0113334517-0245-1,1991772098,305101272,EVT-FS-MOIST-30,2026-08-16T15:04:50.892074+03:00,2026-08-16T15:04:50.892074+03:00,2026-08-16T15:04:59.737500+03:00,NOT_AVAILABLE,2026-08-20,1192,-488.72,0.41,TARIFF_41,posting matched
0148448494-0041-1,3530427102,535581675,EVT-FT-ACNE-150,2026-08-14T20:57:54.680114+03:00,2026-08-14T20:57:54.680114+03:00,2026-08-14T20:58:05.606737+03:00,NOT_AVAILABLE,2026-08-20,998,-409.18,0.41,TARIFF_41,posting matched
38095424-0031-1,3530427102,535581675,EVT-FT-ACNE-150,2026-08-19T07:04:43.090365+03:00,2026-08-19T07:04:43.090365+03:00,2026-08-19T07:04:49.797519+03:00,NOT_AVAILABLE,2026-08-20,986,-404.26,0.41,TARIFF_41,posting matched
0248234521-0019-1,1994674912,305101361,EVT-FS-ACNE-30,2026-08-16T12:41:07.524518+03:00,2026-08-16T12:41:07.524518+03:00,2026-08-16T12:41:14.928312+03:00,NOT_AVAILABLE,2026-08-20,1208,-495.28,0.41,TARIFF_41,posting matched
76317668-0110-1,1997079254,252442517,EVT-HC-HAND-300,2026-08-19T09:00:27.249275+03:00,2026-08-19T09:00:27.249275+03:00,2026-08-19T09:00:33.843630+03:00,NOT_AVAILABLE,2026-08-20,813,-333.33,0.41,TARIFF_41,posting matched
76317668-0110-3,3892345516,930334395,EVT-SET-HAND-CHERRY,2026-08-19T09:00:35.085850+03:00,2026-08-19T09:00:35.085850+03:00,2026-08-19T09:00:33.843630+03:00,NOT_AVAILABLE,2026-08-20,1195,-489.95,0.41,TARIFF_41,posting matched
82007149-0827-1,3528293526,535581674,EVT-FT-MOIST-150,2026-08-18T16:26:42.020079+03:00,2026-08-18T16:26:42.020079+03:00,2026-08-18T16:26:48.584947+03:00,NOT_AVAILABLE,2026-08-20,996,-408.36,0.41,TARIFF_41,posting matched
86171999-0518-1,3892223191,930334397,EVT-SET-CHERRY-AMBER,2026-08-02T21:42:58.668078+03:00,2026-08-02T21:42:58.668078+03:00,2026-08-02T21:43:12.596328+03:00,NOT_AVAILABLE,2026-08-20,1153,-472.73,0.41,TARIFF_41,posting matched
0137845692-0179-1,1991772098,305101272,EVT-FS-MOIST-30,2026-08-16T12:59:51.097545+03:00,2026-08-16T12:59:51.097545+03:00,2026-08-16T13:00:03.124560+03:00,NOT_AVAILABLE,2026-08-21,1192,-488.72,0.41,TARIFF_41,posting matched
47187925-0009-1,3735674506,910584041,EVT-SET-TON-SER-CREAM-ACNE,2026-08-19T18:40:58.177875+03:00,2026-08-19T18:40:58.177875+03:00,2026-08-19T18:42:04.511656+03:00,NOT_AVAILABLE,2026-08-21,1900,-779,0.41,TARIFF_41,posting matched
05429545-0317-1,3543342130,535580776,EVT-EP-ENZYME-75,2026-08-19T18:11:32.828185+03:00,2026-08-19T18:11:32.828185+03:00,2026-08-19T18:11:40.578979+03:00,NOT_AVAILABLE,2026-08-21,999,-409.59,0.41,TARIFF_41,posting matched
0231603643-0006-1,3930712640,593111985,EVT-HC-AMBER-300,2026-08-17T22:53:18.664779+03:00,2026-08-17T22:53:18.664779+03:00,2026-08-17T22:53:30.063141+03:00,NOT_AVAILABLE,2026-08-21,967,-396.47,0.41,TARIFF_41,posting matched
58218201-0094-2,3735674506,910584041,EVT-SET-TON-SER-CREAM-ACNE,2026-08-16T18:31:02.620572+03:00,2026-08-16T18:31:02.620572+03:00,2026-08-16T18:31:09.533758+03:00,NOT_AVAILABLE,2026-08-21,1950,-799.5,0.41,TARIFF_41,posting matched
15126239-0026-1,3930712640,593111985,EVT-HC-AMBER-300,2026-08-19T14:21:37.369449+03:00,2026-08-19T14:21:37.369449+03:00,2026-08-19T14:21:48.828760+03:00,NOT_AVAILABLE,2026-08-21,959,-393.19,0.41,TARIFF_41,posting matched
43300358-0341-1,3892223191,930334397,EVT-SET-CHERRY-AMBER,2026-08-20T18:36:50.255414+03:00,2026-08-20T18:36:50.255414+03:00,2026-08-20T18:37:37.435048+03:00,NOT_AVAILABLE,2026-08-21,1185,-485.85,0.41,TARIFF_41,posting matched
32147445-0711-1,3732641694,567668635,EVT-SET-SER-CREAM-ACNE,2026-08-17T21:10:46.499467+03:00,2026-08-17T21:10:46.499467+03:00,2026-08-17T21:10:56.562335+03:00,NOT_AVAILABLE,2026-08-21,1407,-576.87,0.41,TARIFF_41,posting matched
0105883992-0314-1,2974977988,438775617,EVT-FC-ACNE-50,2026-08-20T11:37:15.547667+03:00,2026-08-20T11:37:15.547667+03:00,2026-08-20T11:37:26.915778+03:00,NOT_AVAILABLE,2026-08-21,1133,-464.53,0.41,TARIFF_41,posting matched
60089518-0388-1,3528293526,535581674,EVT-FT-MOIST-150,2026-08-20T07:03:07.142512+03:00,2026-08-20T07:03:07.142512+03:00,2026-08-20T07:03:17.604508+03:00,NOT_AVAILABLE,2026-08-21,996,-408.36,0.41,TARIFF_41,posting matched
35321171-0289-6,1994674912,305101361,EVT-FS-ACNE-30,2026-08-19T10:13:37.551734+03:00,2026-08-19T10:13:37.551734+03:00,2026-08-19T10:13:46.205228+03:00,NOT_AVAILABLE,2026-08-21,1208,-495.28,0.41,TARIFF_41,posting matched
35321171-0289-5,3735674506,910584041,EVT-SET-TON-SER-CREAM-ACNE,2026-08-19T10:13:37.551734+03:00,2026-08-19T10:13:37.551734+03:00,2026-08-19T10:13:46.205228+03:00,NOT_AVAILABLE,2026-08-21,1900,-779,0.41,TARIFF_41,posting matched
35321171-0289-11,3543342130,535580776,EVT-EP-ENZYME-75,2026-08-19T10:13:50.996621+03:00,2026-08-19T10:13:50.996621+03:00,2026-08-19T10:13:46.205228+03:00,NOT_AVAILABLE,2026-08-21,999,-409.59,0.41,TARIFF_41,posting matched
35321171-0289-2,2974977988,438775617,EVT-FC-ACNE-50,2026-08-19T10:13:37.551734+03:00,2026-08-19T10:13:37.551734+03:00,2026-08-19T10:13:46.205228+03:00,NOT_AVAILABLE,2026-08-21,1133,-464.53,0.41,TARIFF_41,posting matched
35321171-0289-15,3530427102,535581675,EVT-FT-ACNE-150,2026-08-19T10:13:51.015571+03:00,2026-08-19T10:13:51.015571+03:00,2026-08-19T10:13:46.205228+03:00,NOT_AVAILABLE,2026-08-21,986,-404.26,0.41,TARIFF_41,posting matched
0109917285-0093-1,1991772098,305101272,EVT-FS-MOIST-30,2026-08-17T20:37:30.847768+03:00,2026-08-17T20:37:30.847768+03:00,2026-08-17T20:38:32.255713+03:00,NOT_AVAILABLE,2026-08-22,1192,-488.72,0.41,TARIFF_41,posting matched
67879944-0184-4,3733452761,868597351,EVT-SET-4PC-ACNE,2026-08-19T12:26:24.785127+03:00,2026-08-19T12:26:24.785127+03:00,2026-08-19T12:26:40.324091+03:00,NOT_AVAILABLE,2026-08-23,2958,-1212.78,0.41,TARIFF_41,posting matched
49261535-0305-3,3892518031,593111986,EVT-HC-CHERRY-300,2026-08-14T09:20:55.741196+03:00,2026-08-14T09:20:55.741196+03:00,2026-08-14T09:20:51.768927+03:00,NOT_AVAILABLE,2026-08-23,1001,-410.41,0.41,TARIFF_41,posting matched
25289427-0285-1,1997079254,252442517,EVT-HC-HAND-300,2026-08-20T21:24:27.746771+03:00,2026-08-20T21:24:27.746771+03:00,2026-08-20T21:24:43.063350+03:00,NOT_AVAILABLE,2026-08-23,813,-333.33,0.41,TARIFF_41,posting matched
0144640483-1300-1,3543342130,535580776,EVT-EP-ENZYME-75,2026-08-20T17:06:09.694966+03:00,2026-08-20T17:06:09.694966+03:00,2026-08-20T17:06:16.731477+03:00,NOT_AVAILABLE,2026-08-23,999,-409.59,0.41,TARIFF_41,posting matched
0265731650-0014-1,3543342130,535580776,EVT-EP-ENZYME-75,2026-08-19T16:03:46.526914+03:00,2026-08-19T16:03:46.526914+03:00,2026-08-19T16:03:54.639694+03:00,NOT_AVAILABLE,2026-08-24,999,-409.59,0.41,TARIFF_41,posting matched
40042682-0146-1,3892410843,930334396,EVT-SET-HAND-AMBER,2026-08-18T11:14:39.032196+03:00,2026-08-18T11:14:39.032196+03:00,2026-08-18T11:14:54.726844+03:00,NOT_AVAILABLE,2026-08-24,1139,-466.99,0.41,TARIFF_41,posting matched
81360106-0505-1,3543342130,535580776,EVT-EP-ENZYME-75,2026-08-20T07:00:01.722658+03:00,2026-08-20T07:00:01.722658+03:00,2026-08-20T07:00:10.471798+03:00,NOT_AVAILABLE,2026-08-24,999,-409.59,0.41,TARIFF_41,posting matched
39054746-0061-1,3543342130,535580776,EVT-EP-ENZYME-75,2026-08-22T22:36:59.838369+03:00,2026-08-22T22:36:59.838369+03:00,2026-08-22T22:37:08.978059+03:00,NOT_AVAILABLE,2026-08-24,1021,-418.61,0.41,TARIFF_41,posting matched
41472753-0076-1,3733947454,909951444,EVT-SET-ACNE-POWDER-SERUM-CREAM,2026-08-20T11:56:50.960140+03:00,2026-08-20T11:56:50.960140+03:00,2026-08-20T11:56:59.206418+03:00,NOT_AVAILABLE,2026-08-24,2000,-820,0.41,TARIFF_41,posting matched
31277213-0625-2,3530427102,535581675,EVT-FT-ACNE-150,2026-08-20T15:33:22.522044+03:00,2026-08-20T15:33:22.522044+03:00,2026-08-20T15:34:43.248705+03:00,NOT_AVAILABLE,2026-08-25,986,-404.26,0.41,TARIFF_41,posting matched
0198345921-0130-23,3530427102,535581675,EVT-FT-ACNE-150,2026-08-21T11:35:44.764298+03:00,2026-08-21T11:35:44.764298+03:00,2026-08-21T11:35:40.804691+03:00,NOT_AVAILABLE,2026-08-25,986,-404.26,0.41,TARIFF_41,posting matched
0152159323-1117-1,2974977988,438775617,EVT-FC-ACNE-50,2026-08-21T21:28:46.338848+03:00,2026-08-21T21:28:46.338848+03:00,2026-08-21T21:28:59.879861+03:00,NOT_AVAILABLE,2026-08-25,1183,-485.03,0.41,TARIFF_41,posting matched
11471894-0423-1,3735183318,910330849,EVT-SET-MOIST-TONIC-SERUM,2026-08-24T19:08:57.497487+03:00,2026-08-24T19:08:57.497487+03:00,2026-08-24T19:09:07.529968+03:00,NOT_AVAILABLE,2026-08-25,1223,-501.43,0.41,TARIFF_41,posting matched
81103807-0022-1,3735183318,910330849,EVT-SET-MOIST-TONIC-SERUM,2026-08-23T19:54:50.419204+03:00,2026-08-23T19:54:50.419204+03:00,2026-08-23T19:54:57.733535+03:00,NOT_AVAILABLE,2026-08-25,1223,-501.43,0.41,TARIFF_41,posting matched
50251336-0172-1,1991772098,305101272,EVT-FS-MOIST-30,2026-08-03T07:31:15.556002+03:00,2026-08-03T07:31:15.556002+03:00,2026-08-03T07:31:24.593997+03:00,NOT_AVAILABLE,2026-08-25,904,-370.64,0.41,TARIFF_41,posting matched
69818289-0736-1,3930712640,593111985,EVT-HC-AMBER-300,2026-08-22T11:21:12.889994+03:00,2026-08-22T11:21:12.889994+03:00,2026-08-22T11:21:24.668819+03:00,NOT_AVAILABLE,2026-08-25,1009,-413.69,0.41,TARIFF_41,posting matched
29020685-0873-47,3543342130,535580776,EVT-EP-ENZYME-75,2026-08-24T23:15:00.377552+03:00,2026-08-24T23:15:00.377552+03:00,2026-08-24T23:14:59.346542+03:00,NOT_AVAILABLE,2026-08-26,1021,-418.61,0.41,TARIFF_41,posting matched
0133327504-0175-1,3892345516,930334395,EVT-SET-HAND-CHERRY,2026-08-24T16:27:47.727809+03:00,2026-08-24T16:27:47.727809+03:00,2026-08-24T16:27:54.780373+03:00,NOT_AVAILABLE,2026-08-26,1245,-510.45,0.41,TARIFF_41,posting matched
32590483-0097-1,1997079254,252442517,EVT-HC-HAND-300,2026-08-21T08:34:04.529170+03:00,2026-08-21T08:34:04.529170+03:00,2026-08-21T08:34:10.963950+03:00,NOT_AVAILABLE,2026-08-26,813,-333.33,0.41,TARIFF_41,posting matched
0181184258-0004-1,3733452761,868597351,EVT-SET-4PC-ACNE,2026-08-19T23:53:36.141367+03:00,2026-08-19T23:53:36.141367+03:00,2026-08-19T23:53:47.486899+03:00,NOT_AVAILABLE,2026-08-27,2958,-1212.78,0.41,TARIFF_41,posting matched
45787713-0006-1,1994674912,305101361,EVT-FS-ACNE-30,2026-08-23T16:35:34.510238+03:00,2026-08-23T16:35:34.510238+03:00,2026-08-23T16:35:42.499809+03:00,NOT_AVAILABLE,2026-08-27,1208,-495.28,0.41,TARIFF_41,posting matched
66461262-0191-1,1997079254,252442517,EVT-HC-HAND-300,2026-08-20T13:05:35.702721+03:00,2026-08-20T13:05:35.702721+03:00,2026-08-20T13:05:44.280260+03:00,NOT_AVAILABLE,2026-08-27,813,-333.33,0.41,TARIFF_41,posting matched
18408324-0404-3,2974977988,438775617,EVT-FC-ACNE-50,2026-08-26T23:36:31.823691+03:00,2026-08-26T23:36:31.823691+03:00,2026-08-26T23:36:26.631526+03:00,NOT_AVAILABLE,2026-08-28,1233,-505.53,0.41,TARIFF_41,posting matched
0123272455-0170-1,3528293526,535581674,EVT-FT-MOIST-150,2026-08-16T18:20:46.175307+03:00,2026-08-16T18:20:46.175307+03:00,2026-08-16T18:20:55.740427+03:00,NOT_AVAILABLE,2026-08-28,1002,-410.82,0.41,TARIFF_41,posting matched
0102968538-0535-1,3735183318,910330849,EVT-SET-MOIST-TONIC-SERUM,2026-08-27T11:10:24.503795+03:00,2026-08-27T11:10:24.503795+03:00,2026-08-27T11:10:34.009320+03:00,NOT_AVAILABLE,2026-08-28,1273,-521.93,0.41,TARIFF_41,posting matched
98953119-0321-1,3892518031,593111986,EVT-HC-CHERRY-300,2026-08-22T07:38:59.490020+03:00,2026-08-22T07:38:59.490020+03:00,2026-08-22T07:39:06.445197+03:00,NOT_AVAILABLE,2026-08-28,1001,-410.41,0.41,TARIFF_41,posting matched
82358868-0686-1,3530427102,535581675,EVT-FT-ACNE-150,2026-08-20T19:29:49.605341+03:00,2026-08-20T19:29:49.605341+03:00,2026-08-20T19:30:00.176528+03:00,NOT_AVAILABLE,2026-08-28,986,-404.26,0.41,TARIFF_41,posting matched
34851774-1572-1,3530427102,535581675,EVT-FT-ACNE-150,2026-08-22T12:19:38.339400+03:00,2026-08-22T12:19:38.339400+03:00,2026-08-22T12:19:47.407017+03:00,NOT_AVAILABLE,2026-08-28,1036,-424.76,0.41,TARIFF_41,posting matched
34851774-1572-3,2974977988,438775617,EVT-FC-ACNE-50,2026-08-22T12:19:51.169912+03:00,2026-08-22T12:19:51.169912+03:00,2026-08-22T12:19:47.407017+03:00,NOT_AVAILABLE,2026-08-28,1183,-485.03,0.41,TARIFF_41,posting matched
65377661-0395-1,4843362212,1083392113,EVT-SET-ACNE-TONIC-SERUM,2026-08-19T13:22:35.564720+03:00,2026-08-19T13:22:35.564720+03:00,2026-08-19T13:22:50.971484+03:00,NOT_AVAILABLE,2026-08-29,1421,-582.61,0.41,TARIFF_41,posting matched
0174149519-0230-4,3733452761,868597351,EVT-SET-4PC-ACNE,2026-08-15T17:50:18.464035+03:00,2026-08-15T17:50:18.464035+03:00,2026-08-15T17:50:34.307614+03:00,NOT_AVAILABLE,2026-08-29,2958,-1212.78,0.41,TARIFF_41,posting matched
80431242-0097-1,3735183318,910330849,EVT-SET-MOIST-TONIC-SERUM,2026-08-27T19:13:27.032541+03:00,2026-08-27T19:13:27.032541+03:00,2026-08-27T19:13:35.278366+03:00,NOT_AVAILABLE,2026-08-29,1273,-521.93,0.41,TARIFF_41,posting matched
0183342354-0245-3,1994674912,305101361,EVT-FS-ACNE-30,2026-08-28T01:57:17.283673+03:00,2026-08-28T01:57:17.283673+03:00,2026-08-28T01:57:26.881492+03:00,NOT_AVAILABLE,2026-08-29,1258,-654.16,0.52,TARIFF_52,posting matched
36898487-0174-1,3530427102,535581675,EVT-FT-ACNE-150,2026-08-24T13:53:00.033209+03:00,2026-08-24T13:53:00.033209+03:00,2026-08-24T13:53:07.428806+03:00,NOT_AVAILABLE,2026-08-29,1036,-424.76,0.41,TARIFF_41,posting matched
0123934165-0014-1,3528293526,535581674,EVT-FT-MOIST-150,2026-08-26T04:26:56.857297+03:00,2026-08-26T04:26:56.857297+03:00,2026-08-26T04:27:10.140152+03:00,NOT_AVAILABLE,2026-08-30,1096,-449.36,0.41,TARIFF_41,posting matched
0124734158-0043-1,3530427102,535581675,EVT-FT-ACNE-150,2026-08-27T21:51:48.252354+03:00,2026-08-27T21:51:48.252354+03:00,2026-08-27T21:52:00.957810+03:00,NOT_AVAILABLE,2026-08-30,1086,-445.26,0.41,TARIFF_41,posting matched
0124323525-0091-1,1997079254,252442517,EVT-HC-HAND-300,2026-08-27T13:10:33.893523+03:00,2026-08-27T13:10:33.893523+03:00,2026-08-27T13:10:44.608571+03:00,NOT_AVAILABLE,2026-08-31,913,-374.33,0.41,TARIFF_41,posting matched
