date,performance_cpc,finance_type41,difference_rub,difference_pct,performance_search_promo,finance_type54,difference_promo_rub,status
2026-06-01,168.52,168.52,0.0,0.0,0.0,0.0,0.0,EXACT_MATCH
2026-06-02,197.74,197.74,0.0,0.0,0.0,0.0,0.0,EXACT_MATCH
2026-06-03,157.12,157.12,0.0,0.0,0.0,0.0,0.0,EXACT_MATCH
2026-06-04,139.89,139.89,0.0,0.0,0.0,0.0,0.0,EXACT_MATCH
2026-06-05,185.97,185.97,0.0,0.0,0.0,0.0,0.0,EXACT_MATCH
2026-06-06,373.96,373.96,0.0,0.0,0.0,0.0,0.0,EXACT_MATCH
2026-06-07,448.71,448.71,0.0,0.0,0.0,0.0,0.0,EXACT_MATCH
2026-06-08,306.55,306.55,0.0,0.0,168.0,168.0,0.0,EXACT_MATCH
2026-06-09,349.32,349.32,0.0,0.0,163.0,163.0,0.0,EXACT_MATCH
2026-06-10,449.32,449.32,0.0,0.0,0.0,0.0,0.0,EXACT_MATCH
2026-06-11,410.53,410.53,0.0,0.0,0.0,0.0,0.0,EXACT_MATCH
2026-06-12,480.39,480.39,0.0,0.0,360.0,360.0,0.0,EXACT_MATCH
2026-06-13,528.57,528.57,0.0,0.0,0.0,0.0,0.0,EXACT_MATCH
2026-06-14,384.03,384.03,0.0,0.0,0.0,0.0,0.0,EXACT_MATCH
2026-06-15,295.36,295.36,0.0,0.0,0.0,0.0,0.0,EXACT_MATCH
2026-06-16,231.57,231.57,0.0,0.0,105.0,105.0,0.0,EXACT_MATCH
2026-06-17,328.53,328.53,0.0,0.0,0.0,0.0,0.0,EXACT_MATCH
2026-06-18,290.52,290.52,0.0,0.0,0.0,0.0,0.0,EXACT_MATCH
2026-06-19,248.97,248.97,0.0,0.0,0.0,0.0,0.0,EXACT_MATCH
2026-06-20,250.85,250.85,0.0,0.0,0.0,0.0,0.0,EXACT_MATCH
2026-06-21,300.0,300.0,0.0,0.0,0.0,0.0,0.0,EXACT_MATCH
2026-06-22,419.33,419.33,0.0,0.0,0.0,0.0,0.0,EXACT_MATCH
2026-06-23,247.68,247.68,0.0,0.0,0.0,0.0,0.0,EXACT_MATCH
2026-06-24,595.74,595.74,0.0,0.0,243.0,243.0,0.0,EXACT_MATCH
2026-06-25,512.0,512.0,0.0,0.0,0.0,0.0,0.0,EXACT_MATCH
2026-06-26,237.61,237.61,0.0,0.0,0.0,0.0,0.0,EXACT_MATCH
2026-06-27,475.67,475.67,0.0,0.0,0.0,0.0,0.0,EXACT_MATCH
2026-06-28,441.26,441.26,0.0,0.0,0.0,0.0,0.0,EXACT_MATCH
2026-06-29,502.94,502.94,0.0,0.0,0.0,0.0,0.0,EXACT_MATCH
2026-06-30,698.01,698.01,0.0,0.0,0.0,0.0,0.0,EXACT_MATCH
2026-07-01,620.02,620.02,0.0,0.0,0.0,0.0,0.0,EXACT_MATCH
2026-07-02,1161.52,1161.52,0.0,0.0,0.0,0.0,0.0,EXACT_MATCH
2026-07-03,1300.41,1300.41,0.0,0.0,0.0,0.0,0.0,EXACT_MATCH
2026-07-04,1562.55,1562.55,0.0,0.0,0.0,0.0,0.0,EXACT_MATCH
2026-07-05,3293.49,3293.49,0.0,0.0,0.0,0.0,0.0,EXACT_MATCH
2026-07-06,2303.67,2303.67,0.0,0.0,0.0,0.0,0.0,EXACT_MATCH
2026-07-08,0.0,0.0,0.0,0.0,0.0,0.0,0.0,EXACT_MATCH
2026-07-09,0.0,0.0,0.0,0.0,0.0,0.0,0.0,EXACT_MATCH
2026-07-11,55.51,55.51,0.0,0.0,0.0,0.0,0.0,EXACT_MATCH
2026-07-12,142.3,142.3,0.0,0.0,0.0,0.0,0.0,EXACT_MATCH
2026-07-13,135.73,135.73,0.0,0.0,0.0,0.0,0.0,EXACT_MATCH
2026-07-14,324.91,324.91,0.0,0.0,0.0,0.0,0.0,EXACT_MATCH
2026-07-15,537.09,537.09,0.0,0.0,0.0,0.0,0.0,EXACT_MATCH
2026-07-16,743.62,743.62,0.0,0.0,0.0,0.0,0.0,EXACT_MATCH
2026-07-17,874.66,874.66,0.0,0.0,0.0,0.0,0.0,EXACT_MATCH
2026-07-18,1307.97,1307.97,0.0,0.0,0.0,0.0,0.0,EXACT_MATCH
2026-07-19,969.16,969.16,0.0,0.0,0.0,0.0,0.0,EXACT_MATCH
2026-07-20,1174.45,1174.45,0.0,0.0,0.0,0.0,0.0,EXACT_MATCH
2026-07-21,1233.4,1233.4,0.0,0.0,0.0,0.0,0.0,EXACT_MATCH
2026-07-22,983.61,983.61,0.0,0.0,0.0,0.0,0.0,EXACT_MATCH
2026-07-23,793.07,793.07,0.0,0.0,0.0,0.0,0.0,EXACT_MATCH
2026-07-24,853.96,853.96,0.0,0.0,0.0,0.0,0.0,EXACT_MATCH
2026-07-25,791.65,791.65,0.0,0.0,0.0,0.0,0.0,EXACT_MATCH
2026-07-26,1177.08,1177.08,0.0,0.0,0.0,0.0,0.0,EXACT_MATCH
2026-07-27,932.78,932.78,0.0,0.0,0.0,0.0,0.0,EXACT_MATCH
2026-07-28,1801.08,1801.08,0.0,0.0,0.0,0.0,0.0,EXACT_MATCH
2026-07-29,1774.08,1774.08,0.0,0.0,0.0,0.0,0.0,EXACT_MATCH
2026-07-30,2122.0,2122.0,0.0,0.0,0.0,0.0,0.0,EXACT_MATCH
2026-07-31,1832.24,1832.24,0.0,0.0,0.0,0.0,0.0,EXACT_MATCH
2026-08-01,1323.94,1323.94,0.0,0.0,0.0,0.0,0.0,EXACT_MATCH
2026-08-02,1782.82,1782.82,0.0,0.0,0.0,0.0,0.0,EXACT_MATCH
2026-08-03,1640.34,1640.34,0.0,0.0,0.0,0.0,0.0,EXACT_MATCH
2026-08-04,2297.67,2297.67,0.0,0.0,0.0,0.0,0.0,EXACT_MATCH
2026-08-05,1683.23,1683.23,0.0,0.0,0.0,0.0,0.0,EXACT_MATCH
2026-08-06,1542.08,1542.08,0.0,0.0,0.0,0.0,0.0,EXACT_MATCH
2026-08-07,1195.66,1195.66,0.0,0.0,0.0,0.0,0.0,EXACT_MATCH
2026-08-08,984.46,984.46,0.0,0.0,0.0,0.0,0.0,EXACT_MATCH
2026-08-09,1000.7,1000.7,0.0,0.0,0.0,0.0,0.0,EXACT_MATCH
2026-08-10,927.05,927.05,0.0,0.0,0.0,0.0,0.0,EXACT_MATCH
2026-08-11,1163.11,1163.11,0.0,0.0,0.0,0.0,0.0,EXACT_MATCH
2026-08-12,1904.27,1904.27,0.0,0.0,0.0,0.0,0.0,EXACT_MATCH
2026-08-13,1126.68,1126.68,0.0,0.0,0.0,0.0,0.0,EXACT_MATCH
2026-08-14,1111.55,1111.55,0.0,0.0,0.0,0.0,0.0,EXACT_MATCH
2026-08-15,1155.56,1155.56,0.0,0.0,0.0,0.0,0.0,EXACT_MATCH
2026-08-16,1292.89,1292.89,0.0,0.0,0.0,0.0,0.0,EXACT_MATCH
2026-08-17,1562.41,1562.41,0.0,0.0,119.2,119.2,0.0,EXACT_MATCH
2026-08-18,1302.24,1302.24,0.0,0.0,0.0,0.0,0.0,EXACT_MATCH
2026-08-19,780.95,780.95,0.0,0.0,0.0,0.0,0.0,EXACT_MATCH
2026-08-20,1682.72,1682.72,0.0,0.0,119.2,119.2,0.0,EXACT_MATCH
2026-08-21,974.07,974.07,0.0,0.0,0.0,0.0,0.0,EXACT_MATCH
2026-08-22,726.15,726.15,0.0,0.0,0.0,0.0,0.0,EXACT_MATCH
2026-08-23,1026.78,1026.78,0.0,0.0,0.0,0.0,0.0,EXACT_MATCH
2026-08-24,758.16,758.16,0.0,0.0,0.0,0.0,0.0,EXACT_MATCH
2026-08-25,2539.06,2539.06,0.0,0.0,0.0,0.0,0.0,EXACT_MATCH
2026-08-26,2010.24,2010.24,0.0,0.0,0.0,0.0,0.0,EXACT_MATCH
2026-08-27,909.35,909.35,0.0,0.0,0.0,0.0,0.0,EXACT_MATCH
2026-08-28,1599.0,1599.0,0.0,0.0,0.0,0.0,0.0,EXACT_MATCH
2026-08-29,1371.74,1371.74,0.0,0.0,0.0,0.0,0.0,EXACT_MATCH
2026-08-30,1770.68,1770.68,0.0,0.0,0.0,0.0,0.0,EXACT_MATCH
2026-08-31,0.0,0.0,0.0,0.0,0.0,0.0,0.0,EXACT_MATCH
