finance_event_date,posting_number,ozon_sku,internal_sku,buyer_paid_price_rub,seller_base_price_rub,ozon_bonus_rub,ozon_coinvestment_rub,observed_buyer_discount_rub,observed_buyer_discount_pct,invariant_check_rub,spp_semantics
2026-06-01,0199424196-0196-1,3892223191,EVT-SET-CHERRY-AMBER,829.0,1161.0,332.0,0.0,332.0,28.6,0.0,NOT_PROVEN
2026-06-01,78061473-0524-1,3530427102,EVT-FT-ACNE-150,341.9,730.0,384.68,3.42,388.1,53.16,0.0,NOT_PROVEN
2026-06-02,0160098811-0919-1,1997079254,EVT-HC-HAND-300,259.05,480.0,218.36,2.59,220.95,46.03,0.0,NOT_PROVEN
2026-06-03,84371292-0157-1,1997079254,EVT-HC-HAND-300,256.9,480.0,223.1,0.0,223.1,46.48,0.0,NOT_PROVEN
2026-06-04,83443714-0364-1,1997079254,EVT-HC-HAND-300,229.52,530.0,298.18,2.3,300.48,56.69,0.0,NOT_PROVEN
2026-06-04,0243789888-0130-1,3528293526,EVT-FT-MOIST-150,302.86,730.0,424.11,3.03,427.14,58.51,0.0,NOT_PROVEN
2026-06-04,22738323-0485-5,3735674506,EVT-SET-TON-SER-CREAM-ACNE,845.71,1612.0,757.83,8.46,766.29,47.54,0.0,NOT_PROVEN
2026-06-05,63083916-0687-1,1997079254,EVT-HC-HAND-300,232.38,530.0,295.3,2.32,297.62,56.15,-0.0,NOT_PROVEN
2026-06-06,80441196-1037-1,1997079254,EVT-HC-HAND-300,265.46,530.0,261.89,2.65,264.54,49.91,0.0,NOT_PROVEN
2026-06-06,0105883992-0211-1,3530427102,EVT-FT-ACNE-150,336.79,730.0,389.84,3.37,393.21,53.86,0.0,NOT_PROVEN
2026-06-06,0248200533-0001-1,3530427102,EVT-FT-ACNE-150,374.29,730.0,355.71,0.0,355.71,48.73,0.0,NOT_PROVEN
2026-06-06,0122514050-0256-1,3732641694,EVT-SET-SER-CREAM-ACNE,564.76,1120.0,549.59,5.65,555.24,49.58,0.0,NOT_PROVEN
2026-06-08,0113819485-0127-1,1997079254,EVT-HC-HAND-300,256.19,556.0,297.25,2.56,299.81,53.92,0.0,NOT_PROVEN
2026-06-08,02132772-0139-7,3530427102,EVT-FT-ACNE-150,381.01,837.0,452.18,3.81,455.99,54.48,0.0,NOT_PROVEN
2026-06-08,24170025-0422-1,1997079254,EVT-HC-HAND-300,247.03,530.0,280.5,2.47,282.97,53.39,0.0,NOT_PROVEN
2026-06-09,73422757-0007-9,3735674506,EVT-SET-TON-SER-CREAM-ACNE,1049.52,1550.0,500.48,0.0,500.48,32.29,0.0,NOT_PROVEN
2026-06-09,38015375-0119-3,3735674506,EVT-SET-TON-SER-CREAM-ACNE,892.89,1630.0,728.18,8.93,737.11,45.22,0.0,NOT_PROVEN
2026-06-09,38015375-0119-1,3735674506,EVT-SET-TON-SER-CREAM-ACNE,892.89,1630.0,728.18,8.93,737.11,45.22,0.0,NOT_PROVEN
2026-06-09,29029680-2589-1,3530427102,EVT-FT-ACNE-150,381.9,837.0,451.28,3.82,455.1,54.37,0.0,NOT_PROVEN
2026-06-10,0141357579-0128-1,3733947454,EVT-SET-ACNE-POWDER-SERUM-CREAM,713.33,1680.0,959.54,7.13,966.67,57.54,0.0,NOT_PROVEN
2026-06-10,30264772-0295-1,1997079254,EVT-HC-HAND-300,220.95,556.0,332.84,2.21,335.05,60.26,0.0,NOT_PROVEN
2026-06-11,44126155-0052-1,1997079254,EVT-HC-HAND-300,204.76,556.0,349.19,2.05,351.24,63.17,0.0,NOT_PROVEN
2026-06-11,0186007139-0216-1,3530427102,EVT-FT-ACNE-150,323.81,837.0,509.95,3.24,513.19,61.31,0.0,NOT_PROVEN
2026-06-12,0246026298-0009-1,3735674506,EVT-SET-TON-SER-CREAM-ACNE,759.05,1630.0,870.95,0.0,870.95,53.43,0.0,NOT_PROVEN
2026-06-12,78598856-0564-1,1997079254,EVT-HC-HAND-300,237.14,529.0,289.49,2.37,291.86,55.17,0.0,NOT_PROVEN
2026-06-15,0209664376-0120-1,3530427102,EVT-FT-ACNE-150,388.57,859.0,470.43,0.0,470.43,54.76,0.0,NOT_PROVEN
2026-06-15,44126155-0059-1,3892345516,EVT-SET-HAND-CHERRY,557.14,1200.0,637.29,5.57,642.86,53.57,0.0,NOT_PROVEN
2026-06-15,0132332862-1286-1,3733947454,EVT-SET-ACNE-POWDER-SERUM-CREAM,660.0,1800.0,1133.4,6.6,1140.0,63.33,0.0,NOT_PROVEN
2026-06-15,72942666-1001-1,1997079254,EVT-HC-HAND-300,204.76,556.0,349.19,2.05,351.24,63.17,0.0,NOT_PROVEN
2026-06-16,33084752-0121-1,3732641694,EVT-SET-SER-CREAM-ACNE,645.5,1651.0,999.04,6.46,1005.5,60.9,0.0,NOT_PROVEN
2026-06-16,07701255-0521-3,3892518031,EVT-HC-CHERRY-300,470.98,1050.0,574.31,4.71,579.02,55.14,0.0,NOT_PROVEN
2026-06-16,0179415481-0005-1,3733452761,EVT-SET-4PC-ACNE,1057.09,2430.0,1362.34,10.57,1372.91,56.5,0.0,NOT_PROVEN
2026-06-17,0187365339-0020-1,3733452761,EVT-SET-4PC-ACNE,1359.05,3221.0,1861.95,0.0,1861.95,57.81,0.0,NOT_PROVEN
2026-06-17,74198206-0083-1,1997079254,EVT-HC-HAND-300,247.62,530.0,279.9,2.48,282.38,53.28,0.0,NOT_PROVEN
2026-06-18,0176014466-0010-3,3733452761,EVT-SET-4PC-ACNE,1353.33,3221.0,1867.67,0.0,1867.67,57.98,0.0,NOT_PROVEN
2026-06-19,0209664376-0123-1,3732641694,EVT-SET-SER-CREAM-ACNE,636.19,1377.0,740.81,0.0,740.81,53.8,0.0,NOT_PROVEN
2026-06-20,50464486-0153-1,3892345516,EVT-SET-HAND-CHERRY,539.05,1200.0,655.56,5.39,660.95,55.08,0.0,NOT_PROVEN
2026-06-22,49066688-0408-2,3735674506,EVT-SET-TON-SER-CREAM-ACNE,1096.19,2139.0,1031.85,10.96,1042.81,48.75,0.0,NOT_PROVEN
2026-06-24,62125748-0315-2,3733452761,EVT-SET-4PC-ACNE,1225.71,2430.0,1204.29,0.0,1204.29,49.56,0.0,NOT_PROVEN
2026-06-25,41529303-0218-2,3892345516,EVT-SET-HAND-CHERRY,760.23,1571.0,803.17,7.6,810.77,51.61,0.0,NOT_PROVEN
2026-06-29,23627169-0299-1,1997079254,EVT-HC-HAND-300,206.67,556.0,347.26,2.07,349.33,62.83,0.0,NOT_PROVEN
2026-06-29,0133063480-0018-3,3530427102,EVT-FT-ACNE-150,290.48,823.0,529.62,2.9,532.52,64.7,0.0,NOT_PROVEN
2026-06-29,80979825-0257-1,3528293526,EVT-FT-MOIST-150,370.48,872.0,497.82,3.7,501.52,57.51,0.0,NOT_PROVEN
2026-06-30,0107302388-0044-1,3530427102,EVT-FT-ACNE-150,311.13,818.0,506.87,0.0,506.87,61.96,0.0,NOT_PROVEN
2026-07-02,46846601-0863-1,3892410843,EVT-SET-HAND-AMBER,532.08,1261.0,723.6,5.32,728.92,57.8,0.0,NOT_PROVEN
2026-07-03,0105883992-0261-1,3530427102,EVT-FT-ACNE-150,378.3,967.0,584.92,3.78,588.7,60.88,0.0,NOT_PROVEN
2026-07-03,0112076306-0058-1,3530427102,EVT-FT-ACNE-150,347.17,832.0,481.36,3.47,484.83,58.27,0.0,NOT_PROVEN
2026-07-05,46200146-0961-5,3528293526,EVT-FT-MOIST-150,393.23,1161.0,763.84,3.93,767.77,66.13,-0.0,NOT_PROVEN
2026-07-05,0103612839-0407-13,3733452761,EVT-SET-4PC-ACNE,1349.52,2831.0,1467.98,13.5,1481.48,52.33,0.0,NOT_PROVEN
2026-07-05,89909016-0082-1,3892410843,EVT-SET-HAND-AMBER,561.14,1420.0,853.25,5.61,858.86,60.48,0.0,NOT_PROVEN
2026-07-06,52528457-0193-5,3930712640,EVT-HC-AMBER-300,464.21,1230.0,761.15,4.64,765.79,62.26,0.0,NOT_PROVEN
2026-07-06,31782514-0215-5,3892345516,EVT-SET-HAND-CHERRY,755.66,1416.0,660.34,0.0,660.34,46.63,0.0,NOT_PROVEN
2026-07-06,64690053-1227-1,3528293526,EVT-FT-MOIST-150,333.18,975.0,638.49,3.33,641.82,65.83,-0.0,NOT_PROVEN
2026-07-07,89229907-0328-1,3735674506,EVT-SET-TON-SER-CREAM-ACNE,935.3,2110.0,1174.7,0.0,1174.7,55.67,0.0,NOT_PROVEN
2026-07-07,31268801-0056-1,3732641694,EVT-SET-SER-CREAM-ACNE,59.68,1823.0,1762.72,0.6,1763.32,96.73,0.0,NOT_PROVEN
2026-07-07,61540042-0453-1,3528293526,EVT-FT-MOIST-150,333.33,872.0,535.34,3.33,538.67,61.77,-0.0,NOT_PROVEN
2026-07-07,70703101-0467-5,3733452761,EVT-SET-4PC-ACNE,1211.43,2923.0,1699.46,12.11,1711.57,58.56,-0.0,NOT_PROVEN
2026-07-07,0259045069-0011-1,3530427102,EVT-FT-ACNE-150,416.19,1148.0,727.65,4.16,731.81,63.75,0.0,NOT_PROVEN
2026-07-08,96493684-0408-2,3733452761,EVT-SET-4PC-ACNE,1244.76,3014.0,1756.79,12.45,1769.24,58.7,0.0,NOT_PROVEN
2026-07-09,56930840-1301-1,3892345516,EVT-SET-HAND-CHERRY,591.43,1416.0,818.66,5.91,824.57,58.23,0.0,NOT_PROVEN
2026-07-09,0165406503-0109-1,3930712640,EVT-HC-AMBER-300,497.63,1230.0,727.39,4.98,732.37,59.54,0.0,NOT_PROVEN
2026-07-10,0135561752-0187-7,2974977988,EVT-FC-ACNE-50,532.29,980.0,442.39,5.32,447.71,45.68,0.0,NOT_PROVEN
2026-07-10,45950858-0570-5,3892518031,EVT-HC-CHERRY-300,432.38,1176.0,739.3,4.32,743.62,63.23,0.0,NOT_PROVEN
2026-07-11,0108994661-0444-1,3733452761,EVT-SET-4PC-ACNE,1122.86,3014.0,1879.91,11.23,1891.14,62.75,0.0,NOT_PROVEN
2026-07-11,0185211863-0348-21,2974977988,EVT-FC-ACNE-50,555.24,990.0,429.21,5.55,434.76,43.92,0.0,NOT_PROVEN
2026-07-11,0179497417-0075-3,3892345516,EVT-SET-HAND-CHERRY,611.43,1416.0,798.46,6.11,804.57,56.82,0.0,NOT_PROVEN
2026-07-12,0180077689-0909-3,1991772098,EVT-FS-MOIST-30,559.05,1060.0,495.36,5.59,500.95,47.26,0.0,NOT_PROVEN
2026-07-12,95668107-0106-3,3892223191,EVT-SET-CHERRY-AMBER,743.81,1563.0,811.75,7.44,819.19,52.41,0.0,NOT_PROVEN
2026-07-13,60898024-0103-1,1991772098,EVT-FS-MOIST-30,307.62,896.0,585.3,3.08,588.38,65.67,0.0,NOT_PROVEN
2026-07-14,0146583073-0455-1,3892345516,EVT-SET-HAND-CHERRY,578.62,1416.0,831.59,5.79,837.38,59.14,0.0,NOT_PROVEN
2026-07-14,77299780-0197-7,3735674506,EVT-SET-TON-SER-CREAM-ACNE,1278.86,2989.0,1697.35,12.79,1710.14,57.21,0.0,NOT_PROVEN
2026-07-14,77299780-0197-5,3735674506,EVT-SET-TON-SER-CREAM-ACNE,1278.86,2989.0,1697.35,12.79,1710.14,57.21,0.0,NOT_PROVEN
2026-07-14,77299780-0197-3,3735674506,EVT-SET-TON-SER-CREAM-ACNE,1278.86,2989.0,1697.35,12.79,1710.14,57.21,0.0,NOT_PROVEN
2026-07-18,04762031-0348-1,1997079254,EVT-HC-HAND-300,280.0,586.0,303.2,2.8,306.0,52.22,0.0,NOT_PROVEN
2026-07-18,13616023-0409-8,3543342130,EVT-EP-ENZYME-75,519.05,1123.0,598.76,5.19,603.95,53.78,0.0,NOT_PROVEN
2026-07-18,0123634155-0195-2,1991772098,EVT-FS-MOIST-30,292.38,853.0,557.7,2.92,560.62,65.72,0.0,NOT_PROVEN
2026-07-18,0203673302-0040-1,3733452761,EVT-SET-4PC-ACNE,1662.86,2841.0,1161.51,16.63,1178.14,41.47,0.0,NOT_PROVEN
2026-07-19,0212099013-0655-1,1997079254,EVT-HC-HAND-300,369.52,650.0,276.78,3.7,280.48,43.15,0.0,NOT_PROVEN
2026-07-19,62872616-0370-1,3735674506,EVT-SET-TON-SER-CREAM-ACNE,1114.29,2045.0,919.57,11.14,930.71,45.51,-0.0,NOT_PROVEN
2026-07-19,0222049648-0192-2,3735674506,EVT-SET-TON-SER-CREAM-ACNE,920.0,2045.0,1115.8,9.2,1125.0,55.01,0.0,NOT_PROVEN
2026-07-19,0190373639-0720-1,2974977988,EVT-FC-ACNE-50,362.29,1021.0,655.09,3.62,658.71,64.52,-0.0,NOT_PROVEN
2026-07-20,0141595182-0290-5,3543342130,EVT-EP-ENZYME-75,464.76,1123.0,653.59,4.65,658.24,58.61,0.0,NOT_PROVEN
2026-07-20,0141595182-0290-7,2974977988,EVT-FC-ACNE-50,417.14,1021.0,599.69,4.17,603.86,59.14,0.0,NOT_PROVEN
2026-07-20,0152034345-0505-1,2974977988,EVT-FC-ACNE-50,352.38,1021.0,665.1,3.52,668.62,65.49,0.0,NOT_PROVEN
2026-07-20,34484499-0410-1,1997079254,EVT-HC-HAND-300,217.89,586.0,365.93,2.18,368.11,62.82,0.0,NOT_PROVEN
2026-07-20,0124422399-0338-1,1997079254,EVT-HC-HAND-300,304.25,586.0,278.71,3.04,281.75,48.08,0.0,NOT_PROVEN
2026-07-20,26617500-0814-1,3530427102,EVT-FT-ACNE-150,399.81,1109.0,705.19,4.0,709.19,63.95,0.0,NOT_PROVEN
2026-07-21,0152034345-0506-1,3543342130,EVT-EP-ENZYME-75,392.38,1123.0,726.7,3.92,730.62,65.06,0.0,NOT_PROVEN
2026-07-21,0152034345-0507-1,2974977988,EVT-FC-ACNE-50,352.38,1021.0,665.1,3.52,668.62,65.49,0.0,NOT_PROVEN
2026-07-22,0163752488-0152-1,1997079254,EVT-HC-HAND-300,318.1,928.0,606.72,3.18,609.9,65.72,0.0,NOT_PROVEN
2026-07-22,0221180046-0084-1,1991772098,EVT-FS-MOIST-30,300.95,845.0,541.04,3.01,544.05,64.38,0.0,NOT_PROVEN
2026-07-22,0208882878-0247-1,3733947454,EVT-SET-ACNE-POWDER-SERUM-CREAM,639.05,1586.0,940.56,6.39,946.95,59.71,0.0,NOT_PROVEN
2026-07-23,49551554-1311-1,3892223191,EVT-SET-CHERRY-AMBER,1018.1,1530.0,511.9,0.0,511.9,33.46,0.0,NOT_PROVEN
2026-07-23,37650235-0538-1,1997079254,EVT-HC-HAND-300,318.1,928.0,606.72,3.18,609.9,65.72,0.0,NOT_PROVEN
2026-07-23,56648191-0141-2,3733452761,EVT-SET-4PC-ACNE,1299.05,2841.0,1528.96,12.99,1541.95,54.27,0.0,NOT_PROVEN
2026-07-23,74873204-0154-1,3892518031,EVT-HC-CHERRY-300,435.07,1275.0,835.58,4.35,839.93,65.88,0.0,NOT_PROVEN
2026-07-24,40648009-0543-2,3733452761,EVT-SET-4PC-ACNE,1727.62,3900.0,2155.1,17.28,2172.38,55.7,0.0,NOT_PROVEN
2026-07-25,0141467301-0288-4,3530427102,EVT-FT-ACNE-150,520.0,1109.0,583.8,5.2,589.0,53.11,0.0,NOT_PROVEN
2026-07-26,45076539-1500-1,3892518031,EVT-HC-CHERRY-300,420.0,1101.0,676.8,4.2,681.0,61.85,0.0,NOT_PROVEN
2026-07-26,24811115-0131-1,1994674912,EVT-FS-ACNE-30,457.14,838.0,376.29,4.57,380.86,45.45,-0.0,NOT_PROVEN
2026-07-27,45366572-0290-1,3733947454,EVT-SET-ACNE-POWDER-SERUM-CREAM,1143.67,2216.0,1072.33,0.0,1072.33,48.39,0.0,NOT_PROVEN
2026-07-27,0111425998-0187-1,2974977988,EVT-FC-ACNE-50,529.02,1297.0,767.98,0.0,767.98,59.21,0.0,NOT_PROVEN
2026-07-28,19380458-0073-1,1997079254,EVT-HC-HAND-300,330.48,861.0,530.52,0.0,530.52,61.62,0.0,NOT_PROVEN
2026-07-28,35975313-2379-1,3892518031,EVT-HC-CHERRY-300,1.0,1101.0,665.04,434.96,1100.0,99.91,0.0,NOT_PROVEN
2026-07-28,47847213-0182-2,3733452761,EVT-SET-4PC-ACNE,1786.67,4101.0,2296.46,17.87,2314.33,56.43,0.0,NOT_PROVEN
2026-07-29,59369293-0082-1,3892518031,EVT-HC-CHERRY-300,394.29,1101.0,702.77,3.94,706.71,64.19,0.0,NOT_PROVEN
2026-07-30,87896916-0043-1,3530427102,EVT-FT-ACNE-150,652.71,1640.0,987.29,0.0,987.29,60.2,0.0,NOT_PROVEN
2026-07-30,71657300-1177-1,3892518031,EVT-HC-CHERRY-300,422.45,1101.0,674.33,4.22,678.55,61.63,0.0,NOT_PROVEN
2026-07-30,61986072-0385-3,1991772098,EVT-FS-MOIST-30,449.41,1280.0,826.1,4.49,830.59,64.89,0.0,NOT_PROVEN
2026-07-30,80694950-0266-1,3892518031,EVT-HC-CHERRY-300,398.98,1093.0,690.03,3.99,694.02,63.5,0.0,NOT_PROVEN
2026-07-31,0123272455-0150-1,3543342130,EVT-EP-ENZYME-75,436.73,1132.0,690.9,4.37,695.27,61.42,0.0,NOT_PROVEN
2026-07-31,65089096-0111-9,3892518031,EVT-HC-CHERRY-300,386.67,1101.0,710.46,3.87,714.33,64.88,0.0,NOT_PROVEN
2026-07-31,0200868862-0038-1,3530427102,EVT-FT-ACNE-150,420.55,1128.0,703.24,4.21,707.45,62.72,0.0,NOT_PROVEN
2026-07-31,51078388-0251-1,1991772098,EVT-FS-MOIST-30,327.79,959.0,627.93,3.28,631.21,65.82,0.0,NOT_PROVEN
2026-08-01,0105883992-0276-1,2974977988,EVT-FC-ACNE-50,472.64,1297.0,819.63,4.73,824.36,63.56,0.0,NOT_PROVEN
2026-08-01,0105883992-0275-1,3530427102,EVT-FT-ACNE-150,413.21,1128.0,710.66,4.13,714.79,63.37,0.0,NOT_PROVEN
2026-08-01,0120358253-0671-1,3530427102,EVT-FT-ACNE-150,374.29,1000.0,621.97,3.74,625.71,62.57,0.0,NOT_PROVEN
2026-08-01,11031669-1332-2,1991772098,EVT-FS-MOIST-30,328.57,959.0,627.14,3.29,630.43,65.74,0.0,NOT_PROVEN
2026-08-01,41512917-1756-1,3892223191,EVT-SET-CHERRY-AMBER,62.08,1203.0,1140.3,0.62,1140.92,94.84,0.0,NOT_PROVEN
2026-08-02,47943143-1596-1,1997079254,EVT-HC-HAND-300,308.28,900.0,588.64,3.08,591.72,65.75,0.0,NOT_PROVEN
2026-08-03,73572762-0103-1,1997079254,EVT-HC-HAND-300,308.57,900.0,588.34,3.09,591.43,65.71,-0.0,NOT_PROVEN
2026-08-04,49815229-0188-1,1994674912,EVT-FS-ACNE-30,287.62,838.0,547.5,2.88,550.38,65.68,0.0,NOT_PROVEN
2026-08-04,0173384289-0379-1,1997079254,EVT-HC-HAND-300,308.57,900.0,588.34,3.09,591.43,65.71,-0.0,NOT_PROVEN
2026-08-04,86919179-0120-2,1991772098,EVT-FS-MOIST-30,439.05,1280.0,836.56,4.39,840.95,65.7,0.0,NOT_PROVEN
2026-08-04,80015267-0527-1,3733452761,EVT-SET-4PC-ACNE,1804.76,3886.0,2063.19,18.05,2081.24,53.56,0.0,NOT_PROVEN
2026-08-04,38446414-0599-1,3892518031,EVT-HC-CHERRY-300,330.48,965.0,631.22,3.3,634.52,65.75,0.0,NOT_PROVEN
2026-08-05,97657494-0297-1,3530427102,EVT-FT-ACNE-150,309.23,903.0,590.68,3.09,593.77,65.76,0.0,NOT_PROVEN
2026-08-05,0223273019-0056-1,1991772098,EVT-FS-MOIST-30,313.64,959.0,642.22,3.14,645.36,67.3,0.0,NOT_PROVEN
2026-08-05,0186491498-0012-1,1991772098,EVT-FS-MOIST-30,365.71,959.0,593.29,0.0,593.29,61.87,0.0,NOT_PROVEN
2026-08-05,0215126714-0001-3,3733947454,EVT-SET-ACNE-POWDER-SERUM-CREAM,1143.94,2141.0,997.06,0.0,997.06,46.57,0.0,NOT_PROVEN
2026-08-05,0215126714-0001-2,3530427102,EVT-FT-ACNE-150,478.86,1128.0,649.14,0.0,649.14,57.55,0.0,NOT_PROVEN
2026-08-05,45223921-0097-1,3892518031,EVT-HC-CHERRY-300,339.05,965.0,622.56,3.39,625.95,64.87,0.0,NOT_PROVEN
2026-08-05,0136467475-0045-3,1994674912,EVT-FS-ACNE-30,317.34,929.0,608.49,3.17,611.66,65.84,0.0,NOT_PROVEN
2026-08-06,0208415347-0077-1,1994674912,EVT-FS-ACNE-30,318.1,929.0,607.72,3.18,610.9,65.76,0.0,NOT_PROVEN
2026-08-06,0140260783-0103-1,1997079254,EVT-HC-HAND-300,226.79,586.0,359.21,0.0,359.21,61.3,0.0,NOT_PROVEN
2026-08-06,94119088-0045-1,3530427102,EVT-FT-ACNE-150,426.67,1128.0,697.06,4.27,701.33,62.17,0.0,NOT_PROVEN
2026-08-06,0223481492-0184-1,3530427102,EVT-FT-ACNE-150,309.52,903.0,590.38,3.1,593.48,65.72,0.0,NOT_PROVEN
2026-08-06,33685950-0517-1,3528293526,EVT-FT-MOIST-150,303.09,886.0,579.88,3.03,582.91,65.79,0.0,NOT_PROVEN
2026-08-06,33685950-0517-3,3528293526,EVT-FT-MOIST-150,303.09,886.0,579.88,3.03,582.91,65.79,0.0,NOT_PROVEN
2026-08-07,0127292139-0792-1,1994674912,EVT-FS-ACNE-30,318.1,929.0,607.72,3.18,610.9,65.76,0.0,NOT_PROVEN
2026-08-07,68164701-0072-1,2974977988,EVT-FC-ACNE-50,444.76,1297.0,847.79,4.45,852.24,65.71,0.0,NOT_PROVEN
2026-08-08,72915247-0880-1,1994674912,EVT-FS-ACNE-30,290.48,847.0,553.62,2.9,556.52,65.7,0.0,NOT_PROVEN
2026-08-08,0265522284-0003-1,1991772098,EVT-FS-MOIST-30,326.67,953.0,623.06,3.27,626.33,65.72,0.0,NOT_PROVEN
2026-08-08,30007816-0087-1,3930712640,EVT-HC-AMBER-300,308.22,905.0,593.7,3.08,596.78,65.94,-0.0,NOT_PROVEN
2026-08-08,49341158-0067-1,1994674912,EVT-FS-ACNE-30,318.1,929.0,607.72,3.18,610.9,65.76,0.0,NOT_PROVEN
2026-08-08,21599377-0481-1,1997079254,EVT-HC-HAND-300,305.66,900.0,591.28,3.06,594.34,66.04,0.0,NOT_PROVEN
2026-08-08,0140661284-0013-6,3543342130,EVT-EP-ENZYME-75,318.29,930.0,608.53,3.18,611.71,65.78,0.0,NOT_PROVEN
2026-08-08,45950858-0577-1,3892518031,EVT-HC-CHERRY-300,330.48,965.0,631.22,3.3,634.52,65.75,0.0,NOT_PROVEN
2026-08-08,48277024-1448-1,3735674506,EVT-SET-TON-SER-CREAM-ACNE,1091.08,2100.0,1008.92,0.0,1008.92,48.04,0.0,NOT_PROVEN
2026-08-08,19219798-0308-1,3530427102,EVT-FT-ACNE-150,325.71,950.0,621.03,3.26,624.29,65.71,0.0,NOT_PROVEN
2026-08-08,0165818245-0019-1,3530427102,EVT-FT-ACNE-150,361.9,950.0,588.1,0.0,588.1,61.91,0.0,NOT_PROVEN
2026-08-08,45076539-1541-1,3930712640,EVT-HC-AMBER-300,26.96,898.0,870.77,0.27,871.04,97.0,0.0,NOT_PROVEN
2026-08-08,46083531-0525-5,3732641694,EVT-SET-SER-CREAM-ACNE,713.54,1180.0,459.32,7.14,466.46,39.53,0.0,NOT_PROVEN
2026-08-08,41560617-0505-1,3892223191,EVT-SET-CHERRY-AMBER,450.48,1165.0,710.02,4.5,714.52,61.33,0.0,NOT_PROVEN
2026-08-08,41313800-0429-14,1991772098,EVT-FS-MOIST-30,313.33,915.0,598.54,3.13,601.67,65.76,0.0,NOT_PROVEN
2026-08-09,60529449-0144-1,3528293526,EVT-FT-MOIST-150,325.71,950.0,621.03,3.26,624.29,65.71,0.0,NOT_PROVEN
2026-08-09,71123615-0099-4,1997079254,EVT-HC-HAND-300,280.95,819.0,535.24,2.81,538.05,65.7,0.0,NOT_PROVEN
2026-08-09,68059511-0042-1,1991772098,EVT-FS-MOIST-30,328.57,959.0,627.14,3.29,630.43,65.74,0.0,NOT_PROVEN
2026-08-09,0223481492-0186-1,3732641694,EVT-SET-SER-CREAM-ACNE,646.67,1080.0,426.86,6.47,433.33,40.12,0.0,NOT_PROVEN
2026-08-09,76317668-0099-5,3892518031,EVT-HC-CHERRY-300,330.48,965.0,631.22,3.3,634.52,65.75,0.0,NOT_PROVEN
2026-08-09,76317668-0099-4,3892518031,EVT-HC-CHERRY-300,330.48,965.0,631.22,3.3,634.52,65.75,0.0,NOT_PROVEN
2026-08-10,39617856-0320-1,3530427102,EVT-FT-ACNE-150,324.63,950.0,622.12,3.25,625.37,65.83,0.0,NOT_PROVEN
2026-08-10,51966204-0201-1,1997079254,EVT-HC-HAND-300,280.95,819.0,535.24,2.81,538.05,65.7,0.0,NOT_PROVEN
2026-08-10,47143487-1076-1,1997079254,EVT-HC-HAND-300,280.95,819.0,535.24,2.81,538.05,65.7,0.0,NOT_PROVEN
2026-08-10,0134082945-0082-5,3733452761,EVT-SET-4PC-ACNE,1327.62,2900.0,1559.1,13.28,1572.38,54.22,0.0,NOT_PROVEN
2026-08-10,0121467160-0295-1,3930712640,EVT-HC-AMBER-300,29.04,905.0,875.96,0.0,875.96,96.79,0.0,NOT_PROVEN
2026-08-10,0165380790-0162-1,3735674506,EVT-SET-TON-SER-CREAM-ACNE,878.1,2100.0,1213.12,8.78,1221.9,58.19,0.0,NOT_PROVEN
2026-08-10,48828969-0054-2,1994674912,EVT-FS-ACNE-30,297.39,842.0,541.64,2.97,544.61,64.68,0.0,NOT_PROVEN
2026-08-10,0152518815-0117-1,1994674912,EVT-FS-ACNE-30,320.95,842.0,517.84,3.21,521.05,61.88,0.0,NOT_PROVEN
2026-08-10,0124128699-0064-3,3530427102,EVT-FT-ACNE-150,342.0,950.0,604.58,3.42,608.0,64.0,0.0,NOT_PROVEN
2026-08-11,42884911-2242-1,3528293526,EVT-FT-MOIST-150,321.13,950.0,625.66,3.21,628.87,66.2,0.0,NOT_PROVEN
2026-08-11,42496622-0049-1,1991772098,EVT-FS-MOIST-30,357.14,953.0,592.29,3.57,595.86,62.52,0.0,NOT_PROVEN
2026-08-11,58627763-0668-1,3892345516,EVT-SET-HAND-CHERRY,550.0,1161.0,605.5,5.5,611.0,52.63,0.0,NOT_PROVEN
2026-08-11,19006347-0184-1,3528293526,EVT-FT-MOIST-150,324.94,950.0,621.81,3.25,625.06,65.8,0.0,NOT_PROVEN
2026-08-11,0109172114-0223-1,3528293526,EVT-FT-MOIST-150,325.71,950.0,621.03,3.26,624.29,65.71,0.0,NOT_PROVEN
2026-08-12,87329904-0177-12,1997079254,EVT-HC-HAND-300,288.57,819.0,527.54,2.89,530.43,64.77,0.0,NOT_PROVEN
2026-08-12,0155224134-0383-1,3892410843,EVT-SET-HAND-AMBER,358.19,1000.0,638.23,3.58,641.81,64.18,-0.0,NOT_PROVEN
2026-08-12,36589423-0568-4,3530427102,EVT-FT-ACNE-150,325.71,950.0,621.03,3.26,624.29,65.71,0.0,NOT_PROVEN
2026-08-12,90842828-0173-1,1991772098,EVT-FS-MOIST-30,326.67,953.0,623.06,3.27,626.33,65.72,0.0,NOT_PROVEN
2026-08-12,89859010-0202-1,2974977988,EVT-FC-ACNE-50,339.05,990.0,647.56,3.39,650.95,65.75,0.0,NOT_PROVEN
2026-08-13,31616016-0359-1,1997079254,EVT-HC-HAND-300,285.71,819.0,530.43,2.86,533.29,65.11,0.0,NOT_PROVEN
2026-08-13,82459851-0581-2,1991772098,EVT-FS-MOIST-30,372.38,953.0,576.9,3.72,580.62,60.93,0.0,NOT_PROVEN
2026-08-14,0199341339-0226-1,2974977988,EVT-FC-ACNE-50,483.81,990.0,501.35,4.84,506.19,51.13,-0.0,NOT_PROVEN
2026-08-14,0136965249-0473-1,3528293526,EVT-FT-MOIST-150,303.52,886.0,579.44,3.04,582.48,65.74,0.0,NOT_PROVEN
2026-08-14,0107139651-0344-2,3733452761,EVT-SET-4PC-ACNE,1501.89,2900.0,1383.09,15.02,1398.11,48.21,0.0,NOT_PROVEN
2026-08-14,0225390476-0028-1,2974977988,EVT-FC-ACNE-50,417.14,990.0,568.69,4.17,572.86,57.86,0.0,NOT_PROVEN
2026-08-14,34101060-0614-1,3530427102,EVT-FT-ACNE-150,439.44,950.0,506.17,4.39,510.56,53.74,0.0,NOT_PROVEN
2026-08-14,0248037575-0018-1,3530427102,EVT-FT-ACNE-150,309.52,903.0,590.38,3.1,593.48,65.72,0.0,NOT_PROVEN
2026-08-15,0184194448-0932-1,1991772098,EVT-FS-MOIST-30,386.67,947.0,556.46,3.87,560.33,59.17,-0.0,NOT_PROVEN
2026-08-15,0171109584-0862-1,3735674506,EVT-SET-TON-SER-CREAM-ACNE,93.6,1950.0,1855.46,0.94,1856.4,95.2,0.0,NOT_PROVEN
2026-08-15,58544176-0238-1,3892518031,EVT-HC-CHERRY-300,409.09,1001.0,587.82,4.09,591.91,59.13,-0.0,NOT_PROVEN
2026-08-15,95052185-0216-1,1994674912,EVT-FS-ACNE-30,485.71,1208.0,717.43,4.86,722.29,59.79,0.0,NOT_PROVEN
2026-08-15,90331413-0218-1,3892223191,EVT-SET-CHERRY-AMBER,499.05,1185.0,680.96,4.99,685.95,57.89,0.0,NOT_PROVEN
2026-08-16,0179415481-0008-1,3733452761,EVT-SET-4PC-ACNE,1506.67,2982.0,1460.26,15.07,1475.33,49.47,-0.0,NOT_PROVEN
2026-08-17,46179118-0187-1,1994674912,EVT-FS-ACNE-30,347.62,842.0,490.9,3.48,494.38,58.71,0.0,NOT_PROVEN
2026-08-17,0147594116-0225-1,3543342130,EVT-EP-ENZYME-75,387.62,1009.0,621.38,0.0,621.38,61.58,0.0,NOT_PROVEN
2026-08-17,32451649-0162-1,1994674912,EVT-FS-ACNE-30,553.09,1208.0,649.38,5.53,654.91,54.21,0.0,NOT_PROVEN
2026-08-17,32451649-0162-2,3530427102,EVT-FT-ACNE-150,470.83,998.0,522.46,4.71,527.17,52.82,0.0,NOT_PROVEN
2026-08-17,85223382-0071-1,3543342130,EVT-EP-ENZYME-75,352.49,884.0,527.99,3.52,531.51,60.13,0.0,NOT_PROVEN
2026-08-17,33084752-0122-3,3732641694,EVT-SET-SER-CREAM-ACNE,712.8,1150.0,430.07,7.13,437.2,38.02,0.0,NOT_PROVEN
2026-08-17,0144640483-1277-1,1994674912,EVT-FS-ACNE-30,437.14,1208.0,766.49,4.37,770.86,63.81,0.0,NOT_PROVEN
2026-08-18,0214571384-0132-1,2974977988,EVT-FC-ACNE-50,435.24,1253.0,813.41,4.35,817.76,65.26,0.0,NOT_PROVEN
2026-08-19,0105722714-0024-1,3530427102,EVT-FT-ACNE-150,611.88,998.0,386.12,0.0,386.12,38.69,0.0,NOT_PROVEN
2026-08-19,56465299-1715-1,2974977988,EVT-FC-ACNE-50,519.05,1289.0,764.76,5.19,769.95,59.73,0.0,NOT_PROVEN
2026-08-19,74808536-0264-1,1997079254,EVT-HC-HAND-300,268.39,813.0,541.93,2.68,544.61,66.99,0.0,NOT_PROVEN
2026-08-19,51216994-0149-1,3892518031,EVT-HC-CHERRY-300,383.81,1001.0,613.35,3.84,617.19,61.66,-0.0,NOT_PROVEN
2026-08-19,0177187200-0263-11,3735674506,EVT-SET-TON-SER-CREAM-ACNE,110.56,1950.0,1838.33,1.11,1839.44,94.33,0.0,NOT_PROVEN
2026-08-19,29739629-0172-1,3528293526,EVT-FT-MOIST-150,364.85,996.0,627.5,3.65,631.15,63.37,0.0,NOT_PROVEN
2026-08-20,58739777-0002-21,3733452761,EVT-SET-4PC-ACNE,1477.14,2900.0,1408.09,14.77,1422.86,49.06,0.0,NOT_PROVEN
2026-08-20,0113334517-0245-1,1991772098,EVT-FS-MOIST-30,400.95,1192.0,787.04,4.01,791.05,66.36,0.0,NOT_PROVEN
2026-08-20,0148448494-0041-1,3530427102,EVT-FT-ACNE-150,256.19,998.0,739.25,2.56,741.81,74.33,0.0,NOT_PROVEN
2026-08-20,38095424-0031-1,3530427102,EVT-FT-ACNE-150,399.05,986.0,582.96,3.99,586.95,59.53,0.0,NOT_PROVEN
2026-08-20,0248234521-0019-1,1994674912,EVT-FS-ACNE-30,479.05,1208.0,724.16,4.79,728.95,60.34,0.0,NOT_PROVEN
2026-08-20,76317668-0110-1,1997079254,EVT-HC-HAND-300,338.1,813.0,471.52,3.38,474.9,58.41,0.0,NOT_PROVEN
2026-08-20,76317668-0110-3,3892345516,EVT-SET-HAND-CHERRY,785.71,1195.0,401.43,7.86,409.29,34.25,0.0,NOT_PROVEN
2026-08-20,82007149-0827-1,3528293526,EVT-FT-MOIST-150,397.18,996.0,594.85,3.97,598.82,60.12,0.0,NOT_PROVEN
2026-08-20,86171999-0518-1,3892223191,EVT-SET-CHERRY-AMBER,59.84,1153.0,1092.56,0.6,1093.16,94.81,0.0,NOT_PROVEN
2026-08-21,0137845692-0179-1,1991772098,EVT-FS-MOIST-30,400.95,1192.0,787.04,4.01,791.05,66.36,0.0,NOT_PROVEN
2026-08-21,47187925-0009-1,3735674506,EVT-SET-TON-SER-CREAM-ACNE,883.81,1900.0,1007.35,8.84,1016.19,53.48,0.0,NOT_PROVEN
2026-08-21,05429545-0317-1,3543342130,EVT-EP-ENZYME-75,303.52,999.0,692.44,3.04,695.48,69.62,0.0,NOT_PROVEN
2026-08-21,0231603643-0006-1,3930712640,EVT-HC-AMBER-300,494.34,967.0,472.66,0.0,472.66,48.88,0.0,NOT_PROVEN
2026-08-21,58218201-0094-2,3735674506,EVT-SET-TON-SER-CREAM-ACNE,1443.7,1950.0,506.3,0.0,506.3,25.96,0.0,NOT_PROVEN
2026-08-21,15126239-0026-1,3930712640,EVT-HC-AMBER-300,370.27,959.0,585.03,3.7,588.73,61.39,0.0,NOT_PROVEN
2026-08-21,43300358-0341-1,3892223191,EVT-SET-CHERRY-AMBER,61.76,1185.0,1122.62,0.62,1123.24,94.79,0.0,NOT_PROVEN
2026-08-21,32147445-0711-1,3732641694,EVT-SET-SER-CREAM-ACNE,835.99,1407.0,562.65,8.36,571.01,40.58,0.0,NOT_PROVEN
2026-08-21,0105883992-0314-1,2974977988,EVT-FC-ACNE-50,465.09,1133.0,663.26,4.65,667.91,58.95,0.0,NOT_PROVEN
2026-08-21,60089518-0388-1,3528293526,EVT-FT-MOIST-150,356.29,996.0,636.15,3.56,639.71,64.23,0.0,NOT_PROVEN
2026-08-21,35321171-0289-6,1994674912,EVT-FS-ACNE-30,489.1,1208.0,714.01,4.89,718.9,59.51,-0.0,NOT_PROVEN
2026-08-21,35321171-0289-5,3735674506,EVT-SET-TON-SER-CREAM-ACNE,876.78,1900.0,1014.45,8.77,1023.22,53.85,0.0,NOT_PROVEN
2026-08-21,35321171-0289-11,3543342130,EVT-EP-ENZYME-75,402.84,999.0,592.13,4.03,596.16,59.68,0.0,NOT_PROVEN
2026-08-21,35321171-0289-2,2974977988,EVT-FC-ACNE-50,467.3,1133.0,661.03,4.67,665.7,58.76,0.0,NOT_PROVEN
2026-08-21,35321171-0289-15,3530427102,EVT-FT-ACNE-150,396.21,986.0,585.83,3.96,589.79,59.82,0.0,NOT_PROVEN
2026-08-22,0109917285-0093-1,1991772098,EVT-FS-MOIST-30,399.2,1192.0,788.81,3.99,792.8,66.51,0.0,NOT_PROVEN
2026-08-23,67879944-0184-4,3733452761,EVT-SET-4PC-ACNE,1286.67,2958.0,1658.46,12.87,1671.33,56.5,0.0,NOT_PROVEN
2026-08-23,49261535-0305-3,3892518031,EVT-HC-CHERRY-300,357.24,1001.0,640.19,3.57,643.76,64.31,-0.0,NOT_PROVEN
2026-08-23,25289427-0285-1,1997079254,EVT-HC-HAND-300,312.59,813.0,497.28,3.13,500.41,61.55,0.0,NOT_PROVEN
2026-08-23,0144640483-1300-1,3543342130,EVT-EP-ENZYME-75,305.71,999.0,690.23,3.06,693.29,69.4,0.0,NOT_PROVEN
2026-08-24,0265731650-0014-1,3543342130,EVT-EP-ENZYME-75,324.94,999.0,674.06,0.0,674.06,67.47,0.0,NOT_PROVEN
2026-08-24,40042682-0146-1,3892410843,EVT-SET-HAND-AMBER,476.96,1139.0,657.27,4.77,662.04,58.12,0.0,NOT_PROVEN
2026-08-24,81360106-0505-1,3543342130,EVT-EP-ENZYME-75,300.95,999.0,695.04,3.01,698.05,69.87,0.0,NOT_PROVEN
2026-08-24,39054746-0061-1,3543342130,EVT-EP-ENZYME-75,502.86,1021.0,518.14,0.0,518.14,50.75,0.0,NOT_PROVEN
2026-08-24,41472753-0076-1,3733947454,EVT-SET-ACNE-POWDER-SERUM-CREAM,811.43,2000.0,1180.46,8.11,1188.57,59.43,0.0,NOT_PROVEN
2026-08-25,31277213-0625-2,3530427102,EVT-FT-ACNE-150,400.95,986.0,585.05,0.0,585.05,59.34,0.0,NOT_PROVEN
2026-08-25,0198345921-0130-23,3530427102,EVT-FT-ACNE-150,301.9,986.0,681.08,3.02,684.1,69.38,0.0,NOT_PROVEN
2026-08-25,0152159323-1117-1,2974977988,EVT-FC-ACNE-50,533.33,1183.0,644.34,5.33,649.67,54.92,0.0,NOT_PROVEN
2026-08-25,11471894-0423-1,3735183318,EVT-SET-MOIST-TONIC-SERUM,577.14,1223.0,640.09,5.77,645.86,52.81,0.0,NOT_PROVEN
2026-08-25,81103807-0022-1,3735183318,EVT-SET-MOIST-TONIC-SERUM,462.93,1223.0,755.44,4.63,760.07,62.15,-0.0,NOT_PROVEN
2026-08-25,50251336-0172-1,1991772098,EVT-FS-MOIST-30,308.79,904.0,592.12,3.09,595.21,65.84,-0.0,NOT_PROVEN
2026-08-25,69818289-0736-1,3930712640,EVT-HC-AMBER-300,570.48,1009.0,438.52,0.0,438.52,43.46,0.0,NOT_PROVEN
2026-08-26,29020685-0873-47,3543342130,EVT-EP-ENZYME-75,419.14,1021.0,597.67,4.19,601.86,58.95,0.0,NOT_PROVEN
2026-08-26,0133327504-0175-1,3892345516,EVT-SET-HAND-CHERRY,744.76,1245.0,492.79,7.45,500.24,40.18,0.0,NOT_PROVEN
2026-08-26,32590483-0097-1,1997079254,EVT-HC-HAND-300,333.96,813.0,479.04,0.0,479.04,58.92,0.0,NOT_PROVEN
2026-08-27,0181184258-0004-1,3733452761,EVT-SET-4PC-ACNE,1220.0,2958.0,1725.8,12.2,1738.0,58.76,0.0,NOT_PROVEN
2026-08-27,45787713-0006-1,1994674912,EVT-FS-ACNE-30,453.33,1208.0,750.14,4.53,754.67,62.47,0.0,NOT_PROVEN
2026-08-27,66461262-0191-1,1997079254,EVT-HC-HAND-300,309.95,813.0,499.95,3.1,503.05,61.88,0.0,NOT_PROVEN
2026-08-28,18408324-0404-3,2974977988,EVT-FC-ACNE-50,487.69,1233.0,740.43,4.88,745.31,60.45,0.0,NOT_PROVEN
2026-08-28,0123272455-0170-1,3528293526,EVT-FT-MOIST-150,374.35,1002.0,623.91,3.74,627.65,62.64,0.0,NOT_PROVEN
2026-08-28,0102968538-0535-1,3735183318,EVT-SET-MOIST-TONIC-SERUM,556.77,1273.0,710.66,5.57,716.23,56.26,0.0,NOT_PROVEN
2026-08-28,98953119-0321-1,3892518031,EVT-HC-CHERRY-300,455.24,1001.0,541.21,4.55,545.76,54.52,0.0,NOT_PROVEN
2026-08-28,82358868-0686-1,3530427102,EVT-FT-ACNE-150,300.0,986.0,683.0,3.0,686.0,69.57,0.0,NOT_PROVEN
2026-08-28,34851774-1572-1,3530427102,EVT-FT-ACNE-150,503.17,1036.0,532.83,0.0,532.83,51.43,0.0,NOT_PROVEN
2026-08-28,34851774-1572-3,2974977988,EVT-FC-ACNE-50,577.3,1183.0,605.7,0.0,605.7,51.2,0.0,NOT_PROVEN
2026-08-29,65377661-0395-1,4843362212,EVT-SET-ACNE-TONIC-SERUM,559.05,1421.0,856.36,5.59,861.95,60.66,0.0,NOT_PROVEN
2026-08-29,0174149519-0230-4,3733452761,EVT-SET-4PC-ACNE,1496.19,2958.0,1446.85,14.96,1461.81,49.42,0.0,NOT_PROVEN
2026-08-29,80431242-0097-1,3735183318,EVT-SET-MOIST-TONIC-SERUM,552.21,1273.0,715.27,5.52,720.79,56.62,0.0,NOT_PROVEN
2026-08-29,0183342354-0245-3,1994674912,EVT-FS-ACNE-30,496.68,1258.0,756.35,4.97,761.32,60.52,0.0,NOT_PROVEN
2026-08-29,36898487-0174-1,3530427102,EVT-FT-ACNE-150,417.14,1036.0,614.69,4.17,618.86,59.74,0.0,NOT_PROVEN
2026-08-30,0123934165-0014-1,3528293526,EVT-FT-MOIST-150,36.24,1096.0,1059.4,0.36,1059.76,96.69,0.0,NOT_PROVEN
2026-08-30,0124734158-0043-1,3530427102,EVT-FT-ACNE-150,374.29,1086.0,707.97,3.74,711.71,65.53,0.0,NOT_PROVEN
2026-08-31,0124323525-0091-1,1997079254,EVT-HC-HAND-300,261.9,913.0,648.48,2.62,651.1,71.31,0.0,NOT_PROVEN
