created_date,posting_number,order_id,order_number,status,substatus,ozon_sku,offer_id,internal_sku,quantity,price,old_price,total_discount_value,commission_amount,payout,is_cancelled,cancel_reason_id,source_raw_file
2026-06-02,74198206-0083-1,36526363262,74198206-0083,delivered,posting_received,1997079254,252442517,EVT-HC-HAND-300,1,530.0,2000.3700000000001,1470.3700000000001,,312.7,no,,raw/backfill_v1/seller/posting_fbo_202606.json
2026-06-02,24170025-0422-1,36649773625,24170025-0422,delivered,posting_received,1997079254,252442517,EVT-HC-HAND-300,1,530.0,2000.96,1470.96,,312.7,no,,raw/backfill_v1/seller/posting_fbo_202606.json
2026-06-03,80441196-1037-1,36955413948,80441196-1037,delivered,posting_received,1997079254,252442517,EVT-HC-HAND-300,1,530.0,1982.53,1452.53,,312.7,no,,raw/backfill_v1/seller/posting_fbo_202606.json
2026-06-03,63083916-0687-1,35888225516,63083916-0687,delivered,posting_received,1997079254,252442517,EVT-HC-HAND-300,1,530.0,2015.62,1485.62,,312.7,no,,raw/backfill_v1/seller/posting_fbo_202606.json
2026-06-04,0105883992-0211-1,36184412392,0105883992-0211,delivered,posting_received,3530427102,535581675,EVT-FT-ACNE-150,1,730.0,2219.21,1489.21,,430.7,no,,raw/backfill_v1/seller/posting_fbo_202606.json
2026-06-05,71232197-0197-7,36495762757,71232197-0197,cancelled,posting_canceled,3530427102,535581675,EVT-FT-ACNE-150,1,730.0,2230.29,1500.29,,0.0,yes,504,raw/backfill_v1/seller/posting_fbo_202606.json
2026-06-05,71232197-0197-13,36495762757,71232197-0197,cancelled,posting_canceled,3733452761,868597351,EVT-SET-4PC-ACNE,1,2150.0,6547.48,4397.48,,0.0,yes,504,raw/backfill_v1/seller/posting_fbo_202606.json
2026-06-05,0113819485-0127-1,36288198029,0113819485-0127,delivered,posting_received,1997079254,252442517,EVT-HC-HAND-300,1,556.0,1689.81,1133.81,,328.04,no,,raw/backfill_v1/seller/posting_fbo_202606.json
2026-06-05,02132772-0139-7,37200982852,02132772-0139,delivered,posting_received,3530427102,535581675,EVT-FT-ACNE-150,1,837.0,2547.99,1710.99,,493.83,no,,raw/backfill_v1/seller/posting_fbo_202606.json
2026-06-05,0122514050-0256-1,36610782690,0122514050-0256,delivered,posting_received,3732641694,567668635,EVT-SET-SER-CREAM-ACNE,1,1120.0,3798.2400000000002,2678.2400000000002,,660.8,no,,raw/backfill_v1/seller/posting_fbo_202606.json
2026-06-06,0123162595-0097-1,37043944067,0123162595-0097,cancelled,posting_canceled,3733452761,868597351,EVT-SET-4PC-ACNE,1,2302.0,6753.29,4451.29,,0.0,yes,504,raw/backfill_v1/seller/posting_fbo_202606.json
2026-06-06,62633370-0178-2,36306395530,62633370-0178,cancelled,posting_canceled,3528293526,535581674,EVT-FT-MOIST-150,1,858.0,2571.62,1713.62,,0.0,yes,79,raw/backfill_v1/seller/posting_fbo_202606.json
2026-06-07,0126527861-0417-1,36351872421,0126527861-0417,cancelled,posting_canceled,1997079254,252442517,EVT-HC-HAND-300,1,556.0,1671.7,1115.7,,0.0,yes,504,raw/backfill_v1/seller/posting_fbo_202606.json
2026-06-07,38015375-0119-1,37228964495,38015375-0119,delivered,posting_received,3735674506,910584041,EVT-SET-TON-SER-CREAM-ACNE,1,1630.0,4812.110000000001,3182.11,,961.7,no,,raw/backfill_v1/seller/posting_fbo_202606.json
2026-06-07,38015375-0119-3,37228964495,38015375-0119,delivered,posting_received,3735674506,910584041,EVT-SET-TON-SER-CREAM-ACNE,1,1630.0,4812.110000000001,3182.11,,961.7,no,,raw/backfill_v1/seller/posting_fbo_202606.json
2026-06-07,29029680-2589-1,36994295424,29029680-2589,delivered,posting_received,3530427102,535581675,EVT-FT-ACNE-150,1,837.0,2547.1,1710.1,,493.83,no,,raw/backfill_v1/seller/posting_fbo_202606.json
2026-06-07,78598856-0564-1,36437834808,78598856-0564,delivered,posting_received,1997079254,252442517,EVT-HC-HAND-300,1,529.0,1654.8600000000001,1125.8600000000001,,312.11,no,,raw/backfill_v1/seller/posting_fbo_202606.json
2026-06-08,44126155-0052-1,36543324043,44126155-0052,delivered,posting_received,1997079254,252442517,EVT-HC-HAND-300,1,556.0,1741.24,1185.24,,328.04,no,,raw/backfill_v1/seller/posting_fbo_202606.json
2026-06-08,30264772-0295-1,36224893524,30264772-0295,delivered,posting_received,1997079254,252442517,EVT-HC-HAND-300,1,556.0,1725.0499999999997,1169.0499999999997,,328.04,no,,raw/backfill_v1/seller/posting_fbo_202606.json
2026-06-08,72942666-1001-1,36395741098,72942666-1001,delivered,posting_received,1997079254,252442517,EVT-HC-HAND-300,1,556.0,1741.24,1185.24,,328.04,no,,raw/backfill_v1/seller/posting_fbo_202606.json
2026-06-08,0186007139-0216-1,36993377779,0186007139-0216,delivered,posting_received,3530427102,535581675,EVT-FT-ACNE-150,1,837.0,2605.18,1768.1799999999998,,493.83,no,,raw/backfill_v1/seller/posting_fbo_202606.json
2026-06-08,0141357579-0128-1,36690894619,0141357579-0128,delivered,posting_received,3733947454,909951444,EVT-SET-ACNE-POWDER-SERUM-CREAM,1,1680.0,5166.68,3486.6800000000003,,991.2,no,,raw/backfill_v1/seller/posting_fbo_202606.json
2026-06-09,0246026298-0009-1,36618704154,0246026298-0009,delivered,posting_received,3735674506,910584041,EVT-SET-TON-SER-CREAM-ACNE,1,1630.0,4945.95,3315.95,,961.7,no,,raw/backfill_v1/seller/posting_fbo_202606.json
2026-06-10,0148787111-1058-1,37264264007,0148787111-1058,cancelled,posting_canceled,3733452761,868597351,EVT-SET-4PC-ACNE,1,2187.0,6654.650000000001,4467.650000000001,,0.0,yes,504,raw/backfill_v1/seller/posting_fbo_202606.json
2026-06-11,0209664376-0120-1,36474036520,0209664376-0120,delivered,posting_received,3530427102,535581675,EVT-FT-ACNE-150,1,859.0,2562.43,1703.4299999999998,,506.81,no,,raw/backfill_v1/seller/posting_fbo_202606.json
2026-06-11,44126155-0059-1,36611574043,44126155-0059,delivered,posting_received,3892345516,930334395,EVT-SET-HAND-CHERRY,1,1200.0,3489.8500000000004,2289.8500000000004,,708.0,no,,raw/backfill_v1/seller/posting_fbo_202606.json
2026-06-11,0179415481-0005-1,36669652489,0179415481-0005,delivered,posting_received,3733452761,868597351,EVT-SET-4PC-ACNE,1,2430.0,7129.92,4699.92,,1433.7,no,,raw/backfill_v1/seller/posting_fbo_202606.json
2026-06-11,62125748-0315-2,36010615812,62125748-0315,delivered,posting_received,3733452761,868597351,EVT-SET-4PC-ACNE,1,2430.0,6961.289999999999,4531.289999999999,,1433.7,no,,raw/backfill_v1/seller/posting_fbo_202606.json
2026-06-12,0132332862-1284-1,36809797486,0132332862-1284,cancelled,posting_canceled,3733947454,909951444,EVT-SET-ACNE-POWDER-SERUM-CREAM,1,1800.0,5276.200000000001,3476.2000000000003,,0.0,yes,710,raw/backfill_v1/seller/posting_fbo_202606.json
2026-06-12,23627169-0299-1,36337181441,23627169-0299,delivered,posting_received,1997079254,252442517,EVT-HC-HAND-300,1,556.0,1739.3200000000002,1183.3200000000002,,328.04,no,,raw/backfill_v1/seller/posting_fbo_202606.json
2026-06-12,0132332862-1286-1,36819147486,0132332862-1286,delivered,posting_received,3733947454,909951444,EVT-SET-ACNE-POWDER-SERUM-CREAM,1,1800.0,5340.0,3540.0,,1062.0,no,,raw/backfill_v1/seller/posting_fbo_202606.json
2026-06-12,50464486-0153-1,35789181766,50464486-0153,delivered,posting_received,3892345516,930334395,EVT-SET-HAND-CHERRY,1,1200.0,3507.9500000000003,2307.9500000000003,,708.0,no,,raw/backfill_v1/seller/posting_fbo_202606.json
2026-06-13,07701255-0521-3,36652820775,07701255-0521,delivered,posting_received,3892518031,593111986,EVT-HC-CHERRY-300,1,1050.0,3206.02,2156.02,,619.5,no,,raw/backfill_v1/seller/posting_fbo_202606.json
2026-06-13,0187365339-0020-1,36500526107,0187365339-0020,delivered,posting_received,3733452761,868597351,EVT-SET-4PC-ACNE,1,3221.0,9914.95,6693.950000000001,,1900.39,no,,raw/backfill_v1/seller/posting_fbo_202606.json
2026-06-14,0176014466-0010-3,35559261154,0176014466-0010,delivered,posting_received,3733452761,868597351,EVT-SET-4PC-ACNE,1,3221.0,9920.67,6699.67,,1900.39,no,,raw/backfill_v1/seller/posting_fbo_202606.json
2026-06-14,0144805755-0262-1,36688503963,0144805755-0262,delivered,posting_received,3530427102,535581675,EVT-FT-ACNE-150,1,1000.0,3203.4300000000003,2203.4300000000003,,0.0,no,,raw/backfill_v1/seller/posting_fbo_202606.json
2026-06-14,0171363501-0093-1,36546273245,0171363501-0093,cancelled,posting_canceled,3530427102,535581675,EVT-FT-ACNE-150,1,1000.0,3144.8,2144.8,,0.0,yes,537,raw/backfill_v1/seller/posting_fbo_202606.json
2026-06-15,0209664376-0123-1,36560476520,0209664376-0123,delivered,posting_received,3732641694,567668635,EVT-SET-SER-CREAM-ACNE,1,1377.0,4595.8099999999995,3218.81,,812.43,no,,raw/backfill_v1/seller/posting_fbo_202606.json
2026-06-15,33084752-0121-1,36396125456,33084752-0121,delivered,posting_received,3732641694,567668635,EVT-SET-SER-CREAM-ACNE,1,1651.0,5134.5,3483.5,,974.09,no,,raw/backfill_v1/seller/posting_fbo_202606.json
2026-06-17,0252895771-0112-1,36351290539,0252895771-0112,cancelled,posting_canceled,3530427102,535581675,EVT-FT-ACNE-150,1,1000.0,3076.76,2076.76,,0.0,yes,506,raw/backfill_v1/seller/posting_fbo_202606.json
2026-06-20,49066688-0408-2,37146604800,49066688-0408,delivered,posting_received,3735674506,910584041,EVT-SET-TON-SER-CREAM-ACNE,1,2139.0,6560.810000000001,4421.810000000001,,1262.01,no,,raw/backfill_v1/seller/posting_fbo_202606.json
2026-06-20,58412720-0566-23,37128903760,58412720-0566,cancelled,posting_canceled,3733452761,868597351,EVT-SET-4PC-ACNE,1,3061.0,9327.4,6266.4,,0.0,yes,504,raw/backfill_v1/seller/posting_fbo_202606.json
2026-06-20,41529303-0218-2,36273284055,41529303-0218,delivered,posting_received,3892345516,930334395,EVT-SET-HAND-CHERRY,1,1571.0,4738.77,3167.77,,926.89,no,,raw/backfill_v1/seller/posting_fbo_202606.json
2026-06-24,0112629679-0143-1,36777946063,0112629679-0143,cancelled,posting_canceled,3528293526,535581674,EVT-FT-MOIST-150,1,872.0,2732.3199999999997,1860.32,,0.0,yes,79,raw/backfill_v1/seller/posting_fbo_202606.json
2026-06-25,57775754-0018-1,36908915770,57775754-0018,cancelled,posting_canceled,3892223191,930334397,EVT-SET-CHERRY-AMBER,1,1292.0,3883.96,2591.96,,0.0,yes,504,raw/backfill_v1/seller/posting_fbo_202606.json
2026-06-26,0133063480-0018-3,36665960824,0133063480-0018,delivered,posting_received,3530427102,535581675,EVT-FT-ACNE-150,1,823.0,2774.5200000000004,1951.5200000000002,,485.57,no,,raw/backfill_v1/seller/posting_fbo_202606.json
2026-06-26,33029284-0309-1,37020947332,33029284-0309,cancelled,posting_canceled,3735674506,910584041,EVT-SET-TON-SER-CREAM-ACNE,1,1669.0,5362.98,3693.98,,0.0,yes,504,raw/backfill_v1/seller/posting_fbo_202606.json
2026-06-26,0107302388-0044-1,36941813572,0107302388-0044,delivered,posting_received,3530427102,535581675,EVT-FT-ACNE-150,1,818.0,2743.87,1925.87,,482.62,no,,raw/backfill_v1/seller/posting_fbo_202606.json
2026-06-27,61540042-0453-1,36521251738,61540042-0453,delivered,posting_received,3528293526,535581674,EVT-FT-MOIST-150,1,872.0,2825.67,1953.67,,514.48,no,,raw/backfill_v1/seller/posting_fbo_202606.json
2026-06-27,46846601-0863-1,37196384745,46846601-0863,delivered,posting_received,3892410843,930334396,EVT-SET-HAND-AMBER,1,1261.0,3953.92,2692.92,,743.99,no,,raw/backfill_v1/seller/posting_fbo_202606.json
2026-06-27,95680674-0026-1,37001856306,95680674-0026,cancelled,posting_canceled,3733452761,868597351,EVT-SET-4PC-ACNE,1,2654.0,8277.52,5623.5199999999995,,0.0,yes,79,raw/backfill_v1/seller/posting_fbo_202606.json
2026-06-28,80979825-0257-1,35984131905,80979825-0257,delivered,posting_received,3528293526,535581674,EVT-FT-MOIST-150,1,872.0,2788.52,1916.52,,514.48,no,,raw/backfill_v1/seller/posting_fbo_202606.json
2026-06-30,0112076306-0058-1,36521741554,0112076306-0058,delivered,posting_received,3530427102,535581675,EVT-FT-ACNE-150,1,832.0,2843.83,2011.83,,490.88,no,,raw/backfill_v1/seller/posting_fbo_202606.json
2026-06-30,95668107-0106-3,36736961931,95668107-0106,delivered,posting_received,3892223191,930334397,EVT-SET-CHERRY-AMBER,1,1563.0,4726.1900000000005,3163.1900000000005,,922.17,no,,raw/backfill_v1/seller/posting_fbo_202606.json
2026-06-30,31782514-0215-5,37371885746,31782514-0215,delivered,posting_received,3892345516,930334395,EVT-SET-HAND-CHERRY,1,1416.0,4201.34,2785.34,,835.44,no,,raw/backfill_v1/seller/posting_fbo_202606.json
2026-07-01,0103612839-0407-13,36806370423,0103612839-0407,delivered,posting_received,3733452761,868597351,EVT-SET-4PC-ACNE,1,2831.0,8559.48,5728.4800000000005,,1670.29,no,,raw/backfill_v1/seller/posting_fbo_202607.json
2026-07-01,0151252173-0059-1,37316633277,0151252173-0059,delivered,posting_received,3733947454,909951444,EVT-SET-ACNE-POWDER-SERUM-CREAM,1,2162.0,6798.36,4636.36,,0.0,no,,raw/backfill_v1/seller/posting_fbo_202607.json
2026-07-02,0105883992-0261-1,36785132392,0105883992-0261,delivered,posting_received,3530427102,535581675,EVT-FT-ACNE-150,1,967.0,3082.7000000000003,2115.7000000000003,,570.53,no,,raw/backfill_v1/seller/posting_fbo_202607.json
2026-07-02,89909016-0082-1,36717161816,89909016-0082,delivered,posting_received,3892410843,930334396,EVT-SET-HAND-AMBER,1,1420.0,4409.870000000001,2989.8700000000003,,837.8,no,,raw/backfill_v1/seller/posting_fbo_202607.json
2026-07-02,55282989-0036-1,37144203373,55282989-0036,cancelled,posting_canceled,3528293526,535581674,EVT-FT-MOIST-150,1,975.0,3142.29,2167.29,,0.0,yes,79,raw/backfill_v1/seller/posting_fbo_202607.json
2026-07-03,64690053-1227-1,37921726021,64690053-1227,delivered,posting_received,3528293526,535581674,EVT-FT-MOIST-150,1,975.0,3159.82,2184.82,,575.25,no,,raw/backfill_v1/seller/posting_fbo_202607.json
2026-07-03,46200146-0961-5,37755995458,46200146-0961,delivered,posting_received,3528293526,535581674,EVT-FT-MOIST-150,1,1161.0,3671.77,2510.77,,684.99,no,,raw/backfill_v1/seller/posting_fbo_202607.json
2026-07-03,0146583073-0455-1,37572603617,0146583073-0455,delivered,posting_received,3892345516,930334395,EVT-SET-HAND-CHERRY,1,1416.0,4378.38,2962.38,,835.44,no,,raw/backfill_v1/seller/posting_fbo_202607.json
2026-07-03,31268801-0056-1,36109838129,31268801-0056,delivered,posting_received,3732641694,567668635,EVT-SET-SER-CREAM-ACNE,1,1823.0,6377.3099999999995,4554.3099999999995,,1075.57,no,,raw/backfill_v1/seller/posting_fbo_202607.json
2026-07-04,52528457-0193-5,36517061353,52528457-0193,delivered,posting_received,3930712640,593111985,EVT-HC-AMBER-300,1,1230.0,3840.79,2610.79,,725.7,no,,raw/backfill_v1/seller/posting_fbo_202607.json
2026-07-04,0179497417-0075-3,37354552505,0179497417-0075,delivered,posting_received,3892345516,930334395,EVT-SET-HAND-CHERRY,1,1416.0,4345.57,2929.57,,835.44,no,,raw/backfill_v1/seller/posting_fbo_202607.json
2026-07-05,0259045069-0011-1,36550785837,0259045069-0011,delivered,posting_received,3530427102,535581675,EVT-FT-ACNE-150,1,1148.0,3603.8100000000004,2455.8100000000004,,677.32,no,,raw/backfill_v1/seller/posting_fbo_202607.json
2026-07-05,70703101-0467-5,36814236141,70703101-0467,delivered,posting_received,3733452761,868597351,EVT-SET-4PC-ACNE,1,2923.0,9157.58,6234.58,,1724.57,no,,raw/backfill_v1/seller/posting_fbo_202607.json
2026-07-05,89229907-0328-1,37049752643,89229907-0328,delivered,posting_received,3735674506,910584041,EVT-SET-TON-SER-CREAM-ACNE,1,2110.0,6451.7,4341.7,,1244.9,no,,raw/backfill_v1/seller/posting_fbo_202607.json
2026-07-05,0180077689-0909-3,36834651145,0180077689-0909,delivered,posting_received,1991772098,305101272,EVT-FS-MOIST-30,1,1060.0,3165.95,2105.95,,625.4,no,,raw/backfill_v1/seller/posting_fbo_202607.json
2026-07-05,0165406503-0109-1,36579421831,0165406503-0109,delivered,posting_received,3930712640,593111985,EVT-HC-AMBER-300,1,1230.0,3807.37,2577.37,,725.7,no,,raw/backfill_v1/seller/posting_fbo_202607.json
2026-07-05,39386723-2410-1,37581917779,39386723-2410,cancelled,posting_canceled,3528293526,535581674,EVT-FT-MOIST-150,1,1161.0,3656.44,2495.44,,0.0,yes,504,raw/backfill_v1/seller/posting_fbo_202607.json
2026-07-05,56930840-1301-1,37202794632,56930840-1301,delivered,posting_received,3892345516,930334395,EVT-SET-HAND-CHERRY,1,1416.0,4365.58,2949.58,,835.44,no,,raw/backfill_v1/seller/posting_fbo_202607.json
2026-07-06,96493684-0408-2,37206090116,96493684-0408,delivered,posting_received,3733452761,868597351,EVT-SET-4PC-ACNE,1,3014.0,9306.239999999998,6292.239999999999,,1778.26,no,,raw/backfill_v1/seller/posting_fbo_202607.json
2026-07-06,0108994661-0444-1,37007420101,0108994661-0444,delivered,posting_received,3733452761,868597351,EVT-SET-4PC-ACNE,1,3014.0,9428.130000000001,6414.13,,1778.26,no,,raw/backfill_v1/seller/posting_fbo_202607.json
2026-07-07,77299780-0197-3,37319440068,77299780-0197,delivered,posting_received,3735674506,910584041,EVT-SET-TON-SER-CREAM-ACNE,1,2989.0,15377.28,12388.28,,1763.51,no,,raw/backfill_v1/seller/posting_fbo_202607.json
2026-07-07,77299780-0197-5,37319440068,77299780-0197,delivered,posting_received,3735674506,910584041,EVT-SET-TON-SER-CREAM-ACNE,1,2989.0,15377.28,12388.28,,1763.51,no,,raw/backfill_v1/seller/posting_fbo_202607.json
2026-07-07,77299780-0197-7,37319440068,77299780-0197,delivered,posting_received,3735674506,910584041,EVT-SET-TON-SER-CREAM-ACNE,1,2989.0,15377.28,12388.28,,1763.51,no,,raw/backfill_v1/seller/posting_fbo_202607.json
2026-07-07,45950858-0570-5,36888031930,45950858-0570,delivered,posting_received,3892518031,593111986,EVT-HC-CHERRY-300,1,1176.0,4295.62,3119.62,,693.84,no,,raw/backfill_v1/seller/posting_fbo_202607.json
2026-07-08,0185211863-0348-21,37475737127,0185211863-0348,delivered,posting_received,2974977988,438775617,EVT-FC-ACNE-50,1,990.0,2906.75,1916.75,,584.1,no,,raw/backfill_v1/seller/posting_fbo_202607.json
2026-07-08,60898024-0103-1,37310956888,60898024-0103,delivered,posting_received,1991772098,305101272,EVT-FS-MOIST-30,1,896.0,2827.38,1931.3799999999999,,528.64,no,,raw/backfill_v1/seller/posting_fbo_202607.json
2026-07-09,0123634155-0195-2,37121680491,0123634155-0195,delivered,posting_received,1991772098,305101272,EVT-FS-MOIST-30,1,853.0,3533.62,2680.62,,503.27,no,,raw/backfill_v1/seller/posting_fbo_202607.json
2026-07-09,0135561752-0187-7,36647780536,0135561752-0187,delivered,posting_received,2974977988,438775617,EVT-FC-ACNE-50,1,980.0,2898.71,1918.71,,578.2,no,,raw/backfill_v1/seller/posting_fbo_202607.json
2026-07-13,0212099013-0655-1,37371648133,0212099013-0655,delivered,posting_received,1997079254,252442517,EVT-HC-HAND-300,1,650.0,1904.4699999999998,1254.4699999999998,,383.5,no,,raw/backfill_v1/seller/posting_fbo_202607.json
2026-07-15,0141467301-0288-4,36906857845,0141467301-0288,delivered,posting_received,3530427102,535581675,EVT-FT-ACNE-150,1,1109.0,3362.0,2253.0,,654.31,no,,raw/backfill_v1/seller/posting_fbo_202607.json
2026-07-15,0124422399-0338-1,37061792303,0124422399-0338,delivered,posting_received,1997079254,252442517,EVT-HC-HAND-300,1,586.0,1747.7499999999998,1161.7499999999998,,345.74,no,,raw/backfill_v1/seller/posting_fbo_202607.json
2026-07-16,0203673302-0040-1,36918193798,0203673302-0040,delivered,posting_received,3733452761,868597351,EVT-SET-4PC-ACNE,1,2841.0,8421.130000000001,5580.13,,1676.19,no,,raw/backfill_v1/seller/posting_fbo_202607.json
2026-07-16,04762031-0348-1,37169412479,04762031-0348,delivered,posting_received,1997079254,252442517,EVT-HC-HAND-300,1,586.0,1912.0,1326.0,,345.74,no,,raw/backfill_v1/seller/posting_fbo_202607.json
2026-07-16,13616023-0409-8,37277290919,13616023-0409,delivered,posting_received,3543342130,535580776,EVT-EP-ENZYME-75,1,1123.0,3686.95,2563.95,,662.57,no,,raw/backfill_v1/seller/posting_fbo_202607.json
2026-07-17,62872616-0370-1,37134767208,62872616-0370,delivered,posting_received,3735674506,910584041,EVT-SET-TON-SER-CREAM-ACNE,1,2045.0,6260.71,4215.71,,1206.55,no,,raw/backfill_v1/seller/posting_fbo_202607.json
2026-07-17,34484499-0408-1,37524934371,34484499-0408,cancelled,posting_canceled,1997079254,252442517,EVT-HC-HAND-300,1,586.0,1939.8500000000001,1353.8500000000001,,0.0,yes,506,raw/backfill_v1/seller/posting_fbo_202607.json
2026-07-18,0141595182-0290-5,37352274654,0141595182-0290,delivered,posting_received,3543342130,535580776,EVT-EP-ENZYME-75,1,1123.0,3741.2400000000002,2618.2400000000002,,662.57,no,,raw/backfill_v1/seller/posting_fbo_202607.json
2026-07-18,0141595182-0290-7,37352274654,0141595182-0290,delivered,posting_received,2974977988,438775617,EVT-FC-ACNE-50,1,1021.0,3304.86,2283.86,,602.39,no,,raw/backfill_v1/seller/posting_fbo_202607.json
2026-07-18,0222049648-0192-2,37101435488,0222049648-0192,delivered,posting_received,3735674506,910584041,EVT-SET-TON-SER-CREAM-ACNE,1,2045.0,6455.0,4410.0,,1206.55,no,,raw/backfill_v1/seller/posting_fbo_202607.json
2026-07-18,34484499-0410-1,37539344371,34484499-0410,delivered,posting_received,1997079254,252442517,EVT-HC-HAND-300,1,586.0,1974.1100000000001,1388.1100000000001,,345.74,no,,raw/backfill_v1/seller/posting_fbo_202607.json
2026-07-18,0190373639-0720-1,37542237943,0190373639-0720,delivered,posting_received,2974977988,438775617,EVT-FC-ACNE-50,1,1021.0,3359.71,2338.71,,602.39,no,,raw/backfill_v1/seller/posting_fbo_202607.json
2026-07-18,0201665505-0024-1,36700513041,0201665505-0024,cancelled,posting_canceled,2974977988,438775617,EVT-FC-ACNE-50,1,1021.0,3371.52,2350.52,,0.0,yes,505,raw/backfill_v1/seller/posting_fbo_202607.json
2026-07-19,56648191-0141-2,37678010511,56648191-0141,delivered,posting_received,3733452761,868597351,EVT-SET-4PC-ACNE,1,2841.0,8784.96,5943.96,,1676.19,no,,raw/backfill_v1/seller/posting_fbo_202607.json
2026-07-19,0140260783-0103-1,37908725551,0140260783-0103,delivered,posting_received,1997079254,252442517,EVT-HC-HAND-300,1,586.0,1918.0,1332.0,,345.74,no,,raw/backfill_v1/seller/posting_fbo_202607.json
2026-07-19,0221180046-0084-1,37480424238,0221180046-0084,delivered,posting_received,1991772098,305101272,EVT-FS-MOIST-30,1,845.0,2846.05,2001.0500000000002,,498.55,no,,raw/backfill_v1/seller/posting_fbo_202607.json
2026-07-19,0208882878-0247-1,37531083262,0208882878-0247,delivered,posting_received,3733947454,909951444,EVT-SET-ACNE-POWDER-SERUM-CREAM,1,1586.0,5528.95,3942.95,,935.74,no,,raw/backfill_v1/seller/posting_fbo_202607.json
2026-07-19,0152034345-0505-1,37717507209,0152034345-0505,delivered,posting_received,2974977988,438775617,EVT-FC-ACNE-50,1,1021.0,3369.62,2348.62,,602.39,no,,raw/backfill_v1/seller/posting_fbo_202607.json
2026-07-19,0152034345-0506-1,37719227209,0152034345-0506,delivered,posting_received,3543342130,535580776,EVT-EP-ENZYME-75,1,1123.0,3813.6200000000003,2690.6200000000003,,662.57,no,,raw/backfill_v1/seller/posting_fbo_202607.json
2026-07-19,0152034345-0507-1,37719267209,0152034345-0507,delivered,posting_received,2974977988,438775617,EVT-FC-ACNE-50,1,1021.0,3369.62,2348.62,,602.39,no,,raw/backfill_v1/seller/posting_fbo_202607.json
2026-07-19,26617500-0814-1,36639171692,26617500-0814,delivered,posting_received,3530427102,535581675,EVT-FT-ACNE-150,1,1109.0,3622.19,2513.19,,654.31,no,,raw/backfill_v1/seller/posting_fbo_202607.json
2026-07-20,49551554-1311-1,36932066338,49551554-1311,delivered,posting_received,3892223191,930334397,EVT-SET-CHERRY-AMBER,1,1530.0,4337.9,2807.9,,902.7,no,,raw/backfill_v1/seller/posting_fbo_202607.json
2026-07-20,0163752488-0152-1,37660492600,0163752488-0152,delivered,posting_received,1997079254,252442517,EVT-HC-HAND-300,1,928.0,3069.9,2141.9,,547.52,no,,raw/backfill_v1/seller/posting_fbo_202607.json
2026-07-20,0141687018-1167-1,37517936378,0141687018-1167,cancelled,posting_canceled,3735674506,910584041,EVT-SET-TON-SER-CREAM-ACNE,1,2853.0,8499.33,5646.33,,0.0,yes,506,raw/backfill_v1/seller/posting_fbo_202607.json
2026-07-20,37650235-0538-1,37177627995,37650235-0538,delivered,posting_received,1997079254,252442517,EVT-HC-HAND-300,1,928.0,2929.8999999999996,2001.8999999999999,,547.52,no,,raw/backfill_v1/seller/posting_fbo_202607.json
2026-07-20,0141687018-1168-1,37517966378,0141687018-1168,cancelled,posting_canceled,1994674912,305101361,EVT-FS-ACNE-30,1,842.0,2442.29,1600.29,,0.0,yes,79,raw/backfill_v1/seller/posting_fbo_202607.json
2026-07-21,40648009-0543-2,36964477497,40648009-0543,delivered,posting_received,3733452761,868597351,EVT-SET-4PC-ACNE,1,3900.0,11924.380000000001,8024.38,,2301.0,no,,raw/backfill_v1/seller/posting_fbo_202607.json
2026-07-21,87896916-0043-1,38626804948,87896916-0043,delivered,posting_received,3530427102,535581675,EVT-FT-ACNE-150,1,1640.0,5087.29,3447.29,,967.6,no,,raw/backfill_v1/seller/posting_fbo_202607.json
2026-07-21,74873204-0154-1,38349816516,74873204-0154,delivered,posting_received,3892518031,593111986,EVT-HC-CHERRY-300,1,1275.0,4167.93,2892.93,,752.25,no,,raw/backfill_v1/seller/posting_fbo_202607.json
2026-07-22,19380458-0073-1,37562146378,19380458-0073,delivered,posting_received,1997079254,252442517,EVT-HC-HAND-300,1,861.0,2683.52,1822.52,,507.99,no,,raw/backfill_v1/seller/posting_fbo_202607.json
2026-07-23,45366572-0290-1,36798997468,45366572-0290,delivered,posting_received,3733947454,909951444,EVT-SET-ACNE-POWDER-SERUM-CREAM,1,2216.0,6614.33,4398.33,,1307.44,no,,raw/backfill_v1/seller/posting_fbo_202607.json
2026-07-24,47847213-0182-2,38420725933,47847213-0182,delivered,posting_received,3733452761,868597351,EVT-SET-4PC-ACNE,1,4101.0,12708.33,8607.33,,2419.59,no,,raw/backfill_v1/seller/posting_fbo_202607.json
2026-07-24,35975313-2379-1,38007024241,35975313-2379,delivered,posting_received,3892518031,593111986,EVT-HC-CHERRY-300,1,1101.0,5209.009999999999,4108.009999999999,,649.59,no,,raw/backfill_v1/seller/posting_fbo_202607.json
2026-07-24,24811115-0131-1,38375085739,24811115-0131,delivered,posting_received,1994674912,305101361,EVT-FS-ACNE-30,1,838.0,2615.8599999999997,1777.86,,494.42,no,,raw/backfill_v1/seller/posting_fbo_202607.json
2026-07-25,0111425998-0187-1,36765946606,0111425998-0187,delivered,posting_received,2974977988,438775617,EVT-FC-ACNE-50,1,1297.0,4409.98,3112.98,,765.23,no,,raw/backfill_v1/seller/posting_fbo_202607.json
2026-07-25,45076539-1500-1,37223344155,45076539-1500,delivered,posting_received,3892518031,593111986,EVT-HC-CHERRY-300,1,1101.0,4790.01,3689.01,,649.59,no,,raw/backfill_v1/seller/posting_fbo_202607.json
2026-07-26,71657300-1177-1,36831911876,71657300-1177,delivered,posting_received,3892518031,593111986,EVT-HC-CHERRY-300,1,1101.0,4787.540000000001,3686.5400000000004,,649.59,no,,raw/backfill_v1/seller/posting_fbo_202607.json
2026-07-26,65089096-0111-9,38463573656,65089096-0111,delivered,posting_received,3892518031,593111986,EVT-HC-CHERRY-300,1,1101.0,4823.32,3722.32,,649.59,no,,raw/backfill_v1/seller/posting_fbo_202607.json
2026-07-26,59369293-0082-1,37446891869,59369293-0082,delivered,posting_received,3892518031,593111986,EVT-HC-CHERRY-300,1,1101.0,4815.709999999999,3714.7099999999996,,649.59,no,,raw/backfill_v1/seller/posting_fbo_202607.json
2026-07-27,0123272455-0150-1,37699837431,0123272455-0150,delivered,posting_received,3543342130,535580776,EVT-EP-ENZYME-75,1,1132.0,5235.27,4103.27,,667.88,no,,raw/backfill_v1/seller/posting_fbo_202607.json
2026-07-28,0177623884-0173-1,37705024940,0177623884-0173,cancelled,posting_canceled,3733947454,909951444,EVT-SET-ACNE-POWDER-SERUM-CREAM,1,2146.0,6827.05,4681.05,,0.0,yes,504,raw/backfill_v1/seller/posting_fbo_202607.json
2026-07-28,0120358253-0671-1,37391331389,0120358253-0671,delivered,posting_received,3530427102,535581675,EVT-FT-ACNE-150,1,1000.0,4871.710000000001,3871.7100000000005,,590.0,no,,raw/backfill_v1/seller/posting_fbo_202607.json
2026-07-28,86919179-0120-2,36978632059,86919179-0120,delivered,posting_received,1991772098,305101272,EVT-FS-MOIST-30,1,1280.0,4282.95,3002.95,,755.2,no,,raw/backfill_v1/seller/posting_fbo_202607.json
2026-07-28,61986072-0385-3,37618235400,61986072-0385,delivered,posting_received,1991772098,305101272,EVT-FS-MOIST-30,1,1280.0,4132.59,2852.59,,755.2,no,,raw/backfill_v1/seller/posting_fbo_202607.json
2026-07-29,73572762-0103-1,37692500410,73572762-0103,delivered,posting_received,1997079254,252442517,EVT-HC-HAND-300,1,900.0,3031.43,2131.43,,531.0,no,,raw/backfill_v1/seller/posting_fbo_202607.json
2026-07-29,0200868862-0038-1,37907181022,0200868862-0038,delivered,posting_received,3530427102,535581675,EVT-FT-ACNE-150,1,1128.0,4953.45,3825.45,,665.52,no,,raw/backfill_v1/seller/posting_fbo_202607.json
2026-07-29,80694950-0266-1,37876493750,80694950-0266,delivered,posting_received,3892518031,593111986,EVT-HC-CHERRY-300,1,1093.0,4803.01,3710.0099999999998,,644.87,no,,raw/backfill_v1/seller/posting_fbo_202607.json
2026-07-29,47943143-1596-1,38230113559,47943143-1596,delivered,posting_received,1997079254,252442517,EVT-HC-HAND-300,1,900.0,3031.72,2131.72,,531.0,no,,raw/backfill_v1/seller/posting_fbo_202607.json
2026-07-29,0173384289-0379-1,37418330609,0173384289-0379,delivered,posting_received,1997079254,252442517,EVT-HC-HAND-300,1,900.0,3031.43,2131.43,,531.0,no,,raw/backfill_v1/seller/posting_fbo_202607.json
2026-07-30,51078388-0251-1,37215461268,51078388-0251,delivered,posting_received,1991772098,305101272,EVT-FS-MOIST-30,1,959.0,4073.21,3114.21,,565.81,no,,raw/backfill_v1/seller/posting_fbo_202607.json
2026-07-30,0186491498-0012-1,36760220618,0186491498-0012,delivered,posting_received,1991772098,305101272,EVT-FS-MOIST-30,1,959.0,3895.29,2936.29,,565.81,no,,raw/backfill_v1/seller/posting_fbo_202607.json
2026-07-30,11031669-1332-2,37788065237,11031669-1332,delivered,posting_received,1991772098,305101272,EVT-FS-MOIST-30,1,959.0,4072.4300000000003,3113.4300000000003,,565.81,no,,raw/backfill_v1/seller/posting_fbo_202607.json
2026-07-30,0105883992-0275-1,37400582392,0105883992-0275,delivered,posting_received,3530427102,535581675,EVT-FT-ACNE-150,1,1128.0,4960.780000000001,3832.78,,665.52,no,,raw/backfill_v1/seller/posting_fbo_202607.json
2026-07-30,0105883992-0276-1,37400612392,0105883992-0276,delivered,posting_received,2974977988,438775617,EVT-FC-ACNE-50,1,1297.0,4364.360000000001,3067.36,,765.23,no,,raw/backfill_v1/seller/posting_fbo_202607.json
2026-07-30,0215126714-0001-2,37770914794,0215126714-0001,delivered,posting_received,3530427102,535581675,EVT-FT-ACNE-150,1,1128.0,4755.139999999999,3627.14,,665.52,no,,raw/backfill_v1/seller/posting_fbo_202607.json
2026-07-30,0215126714-0001-3,37770914794,0215126714-0001,delivered,posting_received,3733947454,909951444,EVT-SET-ACNE-POWDER-SERUM-CREAM,1,2141.0,6539.06,4398.06,,1263.19,no,,raw/backfill_v1/seller/posting_fbo_202607.json
2026-07-30,68059511-0042-1,38011690375,68059511-0042,delivered,posting_received,1991772098,305101272,EVT-FS-MOIST-30,1,959.0,3932.43,2973.43,,565.81,no,,raw/backfill_v1/seller/posting_fbo_202607.json
2026-07-30,41512917-1756-1,37324824053,41512917-1756,delivered,posting_received,3892223191,930334397,EVT-SET-CHERRY-AMBER,1,1203.0,5203.92,4000.9199999999996,,709.77,no,,raw/backfill_v1/seller/posting_fbo_202607.json
2026-07-31,94119088-0045-1,36891391200,94119088-0045,delivered,posting_received,3530427102,535581675,EVT-FT-ACNE-150,1,1128.0,4807.33,3679.33,,665.52,no,,raw/backfill_v1/seller/posting_fbo_202607.json
2026-07-31,68164701-0072-1,38027937261,68164701-0072,delivered,posting_received,2974977988,438775617,EVT-FC-ACNE-50,1,1297.0,4252.24,2955.24,,765.23,no,,raw/backfill_v1/seller/posting_fbo_202607.json
2026-08-01,0223273019-0056-1,38094950059,0223273019-0056,delivered,posting_received,1991772098,305101272,EVT-FS-MOIST-30,1,959.0,3947.36,2988.36,,565.81,no,,raw/backfill_v1/seller/posting_fbo_202608.json
2026-08-02,49815229-0188-1,38289777869,49815229-0188,delivered,posting_received,1994674912,305101361,EVT-FS-ACNE-30,1,838.0,2645.38,1807.38,,494.42,no,,raw/backfill_v1/seller/posting_fbo_202608.json
2026-08-02,80015267-0527-1,38005914003,80015267-0527,delivered,posting_received,3733452761,868597351,EVT-SET-4PC-ACNE,1,3886.0,12335.240000000002,8449.240000000002,,2292.74,no,,raw/backfill_v1/seller/posting_fbo_202608.json
2026-08-02,0103674526-0123-1,37760374766,0103674526-0123,cancelled,posting_canceled,1994674912,305101361,EVT-FS-ACNE-30,1,838.0,2645.38,1807.38,,0.0,yes,504,raw/backfill_v1/seller/posting_fbo_202608.json
2026-08-02,49341158-0067-1,37491420742,49341158-0067,delivered,posting_received,1994674912,305101361,EVT-FS-ACNE-30,1,929.0,2705.9000000000005,1776.9000000000003,,548.11,no,,raw/backfill_v1/seller/posting_fbo_202608.json
2026-08-02,91224369-0020-1,38205766449,91224369-0020,delivered,posting_received,3892345516,930334395,EVT-SET-HAND-CHERRY,1,1149.0,4002.9100000000003,2853.9100000000003,,0.0,no,,raw/backfill_v1/seller/posting_fbo_202608.json
2026-08-02,0136467475-0045-3,38317775139,0136467475-0045,delivered,posting_received,1994674912,305101361,EVT-FS-ACNE-30,1,929.0,2706.66,1777.66,,548.11,no,,raw/backfill_v1/seller/posting_fbo_202608.json
2026-08-02,86171999-0518-1,37181840351,86171999-0518,delivered,posting_received,3892223191,930334397,EVT-SET-CHERRY-AMBER,1,1153.0,5156.15,4003.1499999999996,,680.27,no,,raw/backfill_v1/seller/posting_fbo_202608.json
2026-08-02,38446414-0599-1,37049961358,38446414-0599,delivered,posting_received,3892518031,593111986,EVT-HC-CHERRY-300,1,965.0,4603.52,3638.52,,569.35,no,,raw/backfill_v1/seller/posting_fbo_202608.json
2026-08-03,50251336-0172-1,36815781608,50251336-0172,delivered,posting_received,1991772098,305101272,EVT-FS-MOIST-30,1,904.0,3897.21,2993.21,,533.36,no,,raw/backfill_v1/seller/posting_fbo_202608.json
2026-08-03,0127292139-0792-1,37338404843,0127292139-0792,delivered,posting_received,1994674912,305101361,EVT-FS-ACNE-30,1,929.0,2705.9000000000005,1776.9000000000003,,548.11,no,,raw/backfill_v1/seller/posting_fbo_202608.json
2026-08-03,0155570588-0181-2,38248524508,0155570588-0181,delivered,posting_received,3892345516,930334395,EVT-SET-HAND-CHERRY,1,1092.0,3974.4700000000003,2882.4700000000003,,0.0,no,,raw/backfill_v1/seller/posting_fbo_202608.json
2026-08-03,0208415347-0077-1,36965202675,0208415347-0077,delivered,posting_received,1994674912,305101361,EVT-FS-ACNE-30,1,929.0,2705.9000000000005,1776.9000000000003,,548.11,no,,raw/backfill_v1/seller/posting_fbo_202608.json
2026-08-03,21599377-0481-1,38163185265,21599377-0481,delivered,posting_received,1997079254,252442517,EVT-HC-HAND-300,1,900.0,2894.34,1994.34,,531.0,no,,raw/backfill_v1/seller/posting_fbo_202608.json
2026-08-03,45223921-0097-1,38185564081,45223921-0097,delivered,posting_received,3892518031,593111986,EVT-HC-CHERRY-300,1,965.0,4594.950000000001,3629.9500000000003,,569.35,no,,raw/backfill_v1/seller/posting_fbo_202608.json
2026-08-04,41313800-0429-14,37798071544,41313800-0429,delivered,posting_received,1991772098,305101272,EVT-FS-MOIST-30,1,915.0,3903.67,2988.67,,539.85,no,,raw/backfill_v1/seller/posting_fbo_202608.json
2026-08-04,0223481492-0184-1,38296043732,0223481492-0184,delivered,posting_received,3530427102,535581675,EVT-FT-ACNE-150,1,903.0,4699.48,3796.48,,532.77,no,,raw/backfill_v1/seller/posting_fbo_202608.json
2026-08-04,0152362423-0139-1,38556977607,0152362423-0139,cancelled,posting_canceled,3530427102,535581675,EVT-FT-ACNE-150,1,903.0,4699.48,3796.48,,0.0,yes,710,raw/backfill_v1/seller/posting_fbo_202608.json
2026-08-04,97657494-0297-1,38251380662,97657494-0297,delivered,posting_received,3530427102,535581675,EVT-FT-ACNE-150,1,903.0,4699.7699999999995,3796.7699999999995,,532.77,no,,raw/backfill_v1/seller/posting_fbo_202608.json
2026-08-04,0248037575-0018-1,37400810199,0248037575-0018,delivered,posting_received,3530427102,535581675,EVT-FT-ACNE-150,1,903.0,4699.48,3796.48,,532.77,no,,raw/backfill_v1/seller/posting_fbo_202608.json
2026-08-04,33685950-0517-1,38228620446,33685950-0517,delivered,posting_received,3528293526,535581674,EVT-FT-MOIST-150,1,886.0,3398.91,2512.91,,522.74,no,,raw/backfill_v1/seller/posting_fbo_202608.json
2026-08-04,33685950-0517-3,38228620446,33685950-0517,delivered,posting_received,3528293526,535581674,EVT-FT-MOIST-150,1,886.0,3398.91,2512.91,,522.74,no,,raw/backfill_v1/seller/posting_fbo_202608.json
2026-08-04,0136965249-0473-1,38240243201,0136965249-0473,delivered,posting_received,3528293526,535581674,EVT-FT-MOIST-150,1,886.0,3398.48,2512.48,,522.74,no,,raw/backfill_v1/seller/posting_fbo_202608.json
2026-08-04,0189512229-0081-1,37775216693,0189512229-0081,cancelled,posting_canceled,1994674912,305101361,EVT-FS-ACNE-30,1,847.0,2651.52,1804.52,,0.0,yes,506,raw/backfill_v1/seller/posting_fbo_202608.json
2026-08-05,71123615-0099-4,37948180671,71123615-0099,delivered,posting_received,1997079254,252442517,EVT-HC-HAND-300,1,819.0,2838.0499999999997,2019.0499999999997,,483.21,no,,raw/backfill_v1/seller/posting_fbo_202608.json
2026-08-05,76317668-0099-4,37433850996,76317668-0099,delivered,posting_received,3892518031,593111986,EVT-HC-CHERRY-300,1,965.0,4603.52,3638.52,,569.35,no,,raw/backfill_v1/seller/posting_fbo_202608.json
2026-08-05,76317668-0099-5,37433850996,76317668-0099,delivered,posting_received,3892518031,593111986,EVT-HC-CHERRY-300,1,965.0,4603.52,3638.52,,569.35,no,,raw/backfill_v1/seller/posting_fbo_202608.json
2026-08-05,51966204-0200-1,38307764348,51966204-0200,cancelled,posting_canceled,1997079254,252442517,EVT-HC-HAND-300,1,819.0,2838.42,2019.42,,0.0,yes,710,raw/backfill_v1/seller/posting_fbo_202608.json
2026-08-05,51966204-0201-1,38307774348,51966204-0201,delivered,posting_received,1997079254,252442517,EVT-HC-HAND-300,1,819.0,2838.05,2019.05,,483.21,no,,raw/backfill_v1/seller/posting_fbo_202608.json
2026-08-05,0223481492-0186-1,38320493732,0223481492-0186,delivered,posting_received,3732641694,567668635,EVT-SET-SER-CREAM-ACNE,1,1080.0,4290.33,3210.3299999999995,,637.2,no,,raw/backfill_v1/seller/posting_fbo_202608.json
2026-08-05,46083531-0525-5,36561383531,46083531-0525,delivered,posting_received,3732641694,567668635,EVT-SET-SER-CREAM-ACNE,1,1180.0,4323.47,3143.4700000000003,,696.2,no,,raw/backfill_v1/seller/posting_fbo_202608.json
2026-08-05,39617856-0320-1,37459421344,39617856-0320,delivered,posting_received,3530427102,535581675,EVT-FT-ACNE-150,1,950.0,4731.37,3781.37,,560.5,no,,raw/backfill_v1/seller/posting_fbo_202608.json
2026-08-05,45950858-0577-1,37558901930,45950858-0577,delivered,posting_received,3892518031,593111986,EVT-HC-CHERRY-300,1,965.0,4603.52,3638.52,,569.35,no,,raw/backfill_v1/seller/posting_fbo_202608.json
2026-08-05,72915247-0880-1,37923116447,72915247-0880,delivered,posting_received,1994674912,305101361,EVT-FS-ACNE-30,1,847.0,2651.5200000000004,1804.5200000000002,,499.73,no,,raw/backfill_v1/seller/posting_fbo_202608.json
2026-08-05,0152043302-0081-1,37255867974,0152043302-0081,cancelled,posting_canceled,1994674912,305101361,EVT-FS-ACNE-30,1,847.0,2651.52,1804.52,,0.0,yes,937,raw/backfill_v1/seller/posting_fbo_202608.json
2026-08-05,0183342354-0216-1,37985255394,0183342354-0216,cancelled,posting_canceled,1994674912,305101361,EVT-FS-ACNE-30,1,847.0,2652.9000000000005,1805.9000000000003,,0.0,yes,508,raw/backfill_v1/seller/posting_fbo_202608.json
2026-08-06,0134082945-0082-5,38021564481,0134082945-0082,delivered,posting_received,3733452761,868597351,EVT-SET-4PC-ACNE,1,2900.0,11826.380000000001,8926.380000000001,,1711.0,no,,raw/backfill_v1/seller/posting_fbo_202608.json
2026-08-06,0265522284-0003-1,37961393180,0265522284-0003,delivered,posting_received,1991772098,305101272,EVT-FS-MOIST-30,1,953.0,3928.33,2975.33,,562.27,no,,raw/backfill_v1/seller/posting_fbo_202608.json
2026-08-06,48277024-1448-1,37339801568,48277024-1448,delivered,posting_received,3735674506,910584041,EVT-SET-TON-SER-CREAM-ACNE,1,2100.0,8228.92,6128.92,,1239.0,no,,raw/backfill_v1/seller/posting_fbo_202608.json
2026-08-06,41560617-0505-1,37555322601,41560617-0505,delivered,posting_received,3892223191,930334397,EVT-SET-CHERRY-AMBER,1,1165.0,4614.51,3449.51,,687.35,no,,raw/backfill_v1/seller/posting_fbo_202608.json
2026-08-06,0165818245-0019-1,37234373973,0165818245-0019,delivered,posting_received,3530427102,535581675,EVT-FT-ACNE-150,1,950.0,4694.1,3744.1,,560.5,no,,raw/backfill_v1/seller/posting_fbo_202608.json
2026-08-06,0121467160-0295-1,38359594376,0121467160-0295,delivered,posting_received,3930712640,593111985,EVT-HC-AMBER-300,1,905.0,3532.96,2627.96,,533.95,no,,raw/backfill_v1/seller/posting_fbo_202608.json
2026-08-06,47143487-1076-1,38312046719,47143487-1076,delivered,posting_received,1997079254,252442517,EVT-HC-HAND-300,1,819.0,2838.05,2019.05,,483.21,no,,raw/backfill_v1/seller/posting_fbo_202608.json
2026-08-06,19219798-0308-1,37666741366,19219798-0308,delivered,posting_received,3530427102,535581675,EVT-FT-ACNE-150,1,950.0,4730.29,3780.29,,560.5,no,,raw/backfill_v1/seller/posting_fbo_202608.json
2026-08-07,0140661284-0013-6,38186574644,0140661284-0013,delivered,posting_received,3543342130,535580776,EVT-EP-ENZYME-75,1,930.0,5011.71,4081.71,,548.7,no,,raw/backfill_v1/seller/posting_fbo_202608.json
2026-08-07,60529449-0144-1,38073046953,60529449-0144,delivered,posting_received,3528293526,535581674,EVT-FT-MOIST-150,1,950.0,3440.29,2490.29,,560.5,no,,raw/backfill_v1/seller/posting_fbo_202608.json
2026-08-07,42884911-2241-1,37802627983,42884911-2241,cancelled,posting_canceled,3528293526,535581674,EVT-FT-MOIST-150,1,950.0,3444.87,2494.87,,0.0,yes,945,raw/backfill_v1/seller/posting_fbo_202608.json
2026-08-07,0184760543-0086-1,37658096367,0184760543-0086,cancelled,posting_canceled,3892518031,593111986,EVT-HC-CHERRY-300,1,965.0,4589.24,3624.24,,0.0,yes,537,raw/backfill_v1/seller/posting_fbo_202608.json
2026-08-07,30007816-0087-1,37806110520,30007816-0087,delivered,posting_received,3930712640,593111985,EVT-HC-AMBER-300,1,905.0,3253.78,2348.78,,533.95,no,,raw/backfill_v1/seller/posting_fbo_202608.json
2026-08-07,0124128699-0064-3,38850163515,0124128699-0064,delivered,posting_received,3530427102,535581675,EVT-FT-ACNE-150,1,950.0,4714.0,3764.0,,560.5,no,,raw/backfill_v1/seller/posting_fbo_202608.json
2026-08-07,0130572096-0432-1,37704208000,0130572096-0432,cancelled,posting_canceled,3892345516,930334395,EVT-SET-HAND-CHERRY,1,1161.0,3928.37,2767.37,,0.0,yes,505,raw/backfill_v1/seller/posting_fbo_202608.json
2026-08-07,45076539-1541-1,37524144155,45076539-1541,delivered,posting_received,3930712640,593111985,EVT-HC-AMBER-300,1,898.0,3528.04,2630.04,,529.82,no,,raw/backfill_v1/seller/posting_fbo_202608.json
2026-08-07,0109172114-0223-1,38486555522,0109172114-0223,delivered,posting_received,3528293526,535581674,EVT-FT-MOIST-150,1,950.0,3440.29,2490.29,,560.5,no,,raw/backfill_v1/seller/posting_fbo_202608.json
2026-08-07,42884911-2242-1,37815337983,42884911-2242,delivered,posting_received,3528293526,535581674,EVT-FT-MOIST-150,1,950.0,3444.87,2494.87,,560.5,no,,raw/backfill_v1/seller/posting_fbo_202608.json
2026-08-07,95054393-0843-1,37720382617,95054393-0843,cancelled,posting_canceled,3543342130,535580776,EVT-EP-ENZYME-75,1,930.0,5010.95,4080.95,,0.0,yes,79,raw/backfill_v1/seller/posting_fbo_202608.json
2026-08-08,87329904-0177-12,38024663184,87329904-0177,delivered,posting_received,1997079254,252442517,EVT-HC-HAND-300,1,819.0,2830.42,2011.42,,483.21,no,,raw/backfill_v1/seller/posting_fbo_202608.json
2026-08-08,90842828-0173-1,37149101740,90842828-0173,delivered,posting_received,1991772098,305101272,EVT-FS-MOIST-30,1,953.0,3928.33,2975.33,,562.27,no,,raw/backfill_v1/seller/posting_fbo_202608.json
2026-08-08,0152518815-0117-1,37990920159,0152518815-0117,delivered,posting_received,1994674912,305101361,EVT-FS-ACNE-30,1,842.0,2616.06,1774.06,,496.78,no,,raw/backfill_v1/seller/posting_fbo_202608.json
2026-08-08,0155224134-0383-1,37629722118,0155224134-0383,delivered,posting_received,3892410843,930334396,EVT-SET-HAND-AMBER,1,1000.0,3892.8100000000004,2892.8100000000004,,590.0,no,,raw/backfill_v1/seller/posting_fbo_202608.json
2026-08-08,42496622-0049-1,37256194718,42496622-0049,delivered,posting_received,1991772098,305101272,EVT-FS-MOIST-30,1,953.0,3897.86,2944.86,,562.27,no,,raw/backfill_v1/seller/posting_fbo_202608.json
2026-08-08,89859010-0202-1,37279980962,89859010-0202,delivered,posting_received,2974977988,438775617,EVT-FC-ACNE-50,1,990.0,4050.95,3060.95,,584.1,no,,raw/backfill_v1/seller/posting_fbo_202608.json
2026-08-08,48828969-0054-2,38244204649,48828969-0054,delivered,posting_received,1994674912,305101361,EVT-FS-ACNE-30,1,842.0,2639.6099999999997,1797.61,,496.78,no,,raw/backfill_v1/seller/posting_fbo_202608.json
2026-08-08,0165380790-0162-1,37809800694,0165380790-0162,delivered,posting_received,3735674506,910584041,EVT-SET-TON-SER-CREAM-ACNE,1,2100.0,8441.9,6341.9,,1239.0,no,,raw/backfill_v1/seller/posting_fbo_202608.json
2026-08-09,58627763-0668-1,37608265811,58627763-0668,delivered,posting_received,3892345516,930334395,EVT-SET-HAND-CHERRY,1,1161.0,3856.0099999999998,2695.0099999999998,,684.99,no,,raw/backfill_v1/seller/posting_fbo_202608.json
2026-08-09,31616016-0359-1,37714483088,31616016-0359,delivered,posting_received,1997079254,252442517,EVT-HC-HAND-300,1,819.0,2833.29,2014.2899999999997,,483.21,no,,raw/backfill_v1/seller/posting_fbo_202608.json
2026-08-09,19006347-0184-1,37507360907,19006347-0184,delivered,posting_received,3528293526,535581674,EVT-FT-MOIST-150,1,950.0,3441.06,2491.06,,560.5,no,,raw/backfill_v1/seller/posting_fbo_202608.json
2026-08-09,36589423-0568-4,37625493951,36589423-0568,delivered,posting_received,3530427102,535581675,EVT-FT-ACNE-150,1,950.0,4730.29,3780.29,,560.5,no,,raw/backfill_v1/seller/posting_fbo_202608.json
2026-08-10,58739777-0002-21,37366523137,58739777-0002,delivered,posting_received,3733452761,868597351,EVT-SET-4PC-ACNE,1,2900.0,11676.860000000002,8776.860000000002,,1711.0,no,,raw/backfill_v1/seller/posting_fbo_202608.json
2026-08-10,0107139651-0344-2,38235644675,0107139651-0344,delivered,posting_received,3733452761,868597351,EVT-SET-4PC-ACNE,1,2900.0,11652.11,8752.11,,1711.0,no,,raw/backfill_v1/seller/posting_fbo_202608.json
2026-08-10,0199341339-0226-1,37268135403,0199341339-0226,delivered,posting_received,2974977988,438775617,EVT-FC-ACNE-50,1,990.0,3906.2,2916.2,,584.1,no,,raw/backfill_v1/seller/posting_fbo_202608.json
2026-08-10,33084752-0122-3,37630775456,33084752-0122,delivered,posting_received,3732641694,567668635,EVT-SET-SER-CREAM-ACNE,1,1150.0,4294.1900000000005,3144.19,,678.5,no,,raw/backfill_v1/seller/posting_fbo_202608.json
2026-08-10,82459851-0581-2,38635037371,82459851-0581,delivered,posting_received,1991772098,305101272,EVT-FS-MOIST-30,1,953.0,3882.62,2929.62,,562.27,no,,raw/backfill_v1/seller/posting_fbo_202608.json
2026-08-11,0225390476-0028-1,37799093980,0225390476-0028,delivered,posting_received,2974977988,438775617,EVT-FC-ACNE-50,1,990.0,3972.87,2982.87,,584.1,no,,raw/backfill_v1/seller/posting_fbo_202608.json
2026-08-12,0184194448-0932-1,38195365520,0184194448-0932,delivered,posting_received,1991772098,305101272,EVT-FS-MOIST-30,1,947.0,3862.34,2915.34,,558.73,no,,raw/backfill_v1/seller/posting_fbo_202608.json
2026-08-12,34101060-0614-1,38525455956,34101060-0614,delivered,posting_received,3530427102,535581675,EVT-FT-ACNE-150,1,950.0,4616.56,3666.5600000000004,,560.5,no,,raw/backfill_v1/seller/posting_fbo_202608.json
2026-08-12,46179118-0187-1,37269140814,46179118-0187,delivered,posting_received,1994674912,305101361,EVT-FS-ACNE-30,1,842.0,2589.39,1747.3899999999999,,496.78,no,,raw/backfill_v1/seller/posting_fbo_202608.json
2026-08-12,32451649-0162-1,37419643137,32451649-0162,delivered,posting_received,1994674912,305101361,EVT-FS-ACNE-30,1,1208.0,3675.92,2467.92,,712.72,no,,raw/backfill_v1/seller/posting_fbo_202608.json
2026-08-12,32451649-0162-2,37419643137,32451649-0162,delivered,posting_received,3530427102,535581675,EVT-FT-ACNE-150,1,998.0,3311.17,2313.17,,588.82,no,,raw/backfill_v1/seller/posting_fbo_202608.json
2026-08-12,43430799-0100-1,38226995007,43430799-0100,cancelled,posting_canceled,1994674912,305101361,EVT-FS-ACNE-30,1,1208.0,3683.0200000000004,2475.0200000000004,,0.0,yes,537,raw/backfill_v1/seller/posting_fbo_202608.json
2026-08-12,0105722714-0024-1,38288254954,0105722714-0024,delivered,posting_received,3530427102,535581675,EVT-FT-ACNE-150,1,998.0,3170.12,2172.12,,588.82,no,,raw/backfill_v1/seller/posting_fbo_202608.json
2026-08-13,0179415481-0008-1,38087762489,0179415481-0008,delivered,posting_received,3733452761,868597351,EVT-SET-4PC-ACNE,1,2982.0,9295.34,6313.34,,1759.38,no,,raw/backfill_v1/seller/posting_fbo_202608.json
2026-08-13,0144640483-1277-1,37753862531,0144640483-1277,delivered,posting_received,1994674912,305101361,EVT-FS-ACNE-30,1,1208.0,3791.86,2583.86,,712.72,no,,raw/backfill_v1/seller/posting_fbo_202608.json
2026-08-13,56465299-1715-1,38052406035,56465299-1715,delivered,posting_received,2974977988,438775617,EVT-FC-ACNE-50,1,1289.0,4039.94,2750.94,,760.51,no,,raw/backfill_v1/seller/posting_fbo_202608.json
2026-08-13,85223382-0071-1,38211372006,85223382-0071,delivered,posting_received,3543342130,535580776,EVT-EP-ENZYME-75,1,884.0,2943.51,2059.51,,521.56,no,,raw/backfill_v1/seller/posting_fbo_202608.json
2026-08-13,90331413-0218-1,38161206421,90331413-0218,delivered,posting_received,3892223191,930334397,EVT-SET-CHERRY-AMBER,1,1185.0,4063.9399999999996,2878.9399999999996,,699.15,no,,raw/backfill_v1/seller/posting_fbo_202608.json
2026-08-13,51216994-0148-1,37956170610,51216994-0148,cancelled,posting_canceled,3892518031,593111986,EVT-HC-CHERRY-300,1,1001.0,3981.95,2980.95,,0.0,yes,937,raw/backfill_v1/seller/posting_fbo_202608.json
2026-08-13,0171109584-0862-1,37475463280,0171109584-0862,delivered,posting_received,3735674506,910584041,EVT-SET-TON-SER-CREAM-ACNE,1,1950.0,6783.41,4833.41,,1150.5,no,,raw/backfill_v1/seller/posting_fbo_202608.json
2026-08-13,58544176-0238-1,38206824144,58544176-0238,delivered,posting_received,3892518031,593111986,EVT-HC-CHERRY-300,1,1001.0,3931.9099999999994,2930.9099999999994,,590.59,no,,raw/backfill_v1/seller/posting_fbo_202608.json
2026-08-14,49261535-0305-3,37849123039,49261535-0305,delivered,posting_received,3892518031,593111986,EVT-HC-CHERRY-300,1,1001.0,3983.7600000000007,2982.7600000000007,,590.59,no,,raw/backfill_v1/seller/posting_fbo_202608.json
2026-08-14,0147594116-0225-1,37276287044,0147594116-0225,delivered,posting_received,3543342130,535580776,EVT-EP-ENZYME-75,1,1009.0,3158.3799999999997,2149.3799999999997,,595.31,no,,raw/backfill_v1/seller/posting_fbo_202608.json
2026-08-14,74808536-0264-1,38382747384,74808536-0264,delivered,posting_received,1997079254,252442517,EVT-HC-HAND-300,1,813.0,2194.6099999999997,1381.61,,479.67,no,,raw/backfill_v1/seller/posting_fbo_202608.json
2026-08-14,0148448494-0041-1,38033101262,0148448494-0041,delivered,posting_received,3530427102,535581675,EVT-FT-ACNE-150,1,998.0,3525.81,2527.81,,588.82,no,,raw/backfill_v1/seller/posting_fbo_202608.json
2026-08-14,95052185-0216-1,38524360409,95052185-0216,delivered,posting_received,1994674912,305101361,EVT-FS-ACNE-30,1,1208.0,3743.2799999999997,2535.2799999999997,,712.72,no,,raw/backfill_v1/seller/posting_fbo_202608.json
2026-08-14,23051947-1148-1,38501827851,23051947-1148,cancelled,posting_canceled,1997079254,252442517,EVT-HC-HAND-300,1,813.0,2241.09,1428.0900000000001,,0.0,yes,503,raw/backfill_v1/seller/posting_fbo_202608.json
2026-08-15,0174149519-0230-4,38141803983,0174149519-0230,delivered,posting_received,3733452761,868597351,EVT-SET-4PC-ACNE,1,2958.0,9318.810000000001,6360.81,,1745.22,no,,raw/backfill_v1/seller/posting_fbo_202608.json
2026-08-16,51216994-0149-1,38013830610,51216994-0149,delivered,posting_received,3892518031,593111986,EVT-HC-CHERRY-300,1,1001.0,3957.19,2956.19,,590.59,no,,raw/backfill_v1/seller/posting_fbo_202608.json
2026-08-16,0248234521-0019-1,37373440537,0248234521-0019,delivered,posting_received,1994674912,305101361,EVT-FS-ACNE-30,1,1208.0,3749.9500000000003,2541.9500000000003,,712.72,no,,raw/backfill_v1/seller/posting_fbo_202608.json
2026-08-16,0137845692-0179-1,37647417100,0137845692-0179,delivered,posting_received,1991772098,305101272,EVT-FS-MOIST-30,1,1192.0,3772.05,2580.05,,703.28,no,,raw/backfill_v1/seller/posting_fbo_202608.json
2026-08-16,0113334517-0245-1,38025216389,0113334517-0245,delivered,posting_received,1991772098,305101272,EVT-FS-MOIST-30,1,1192.0,3772.0499999999997,2580.0499999999997,,703.28,no,,raw/backfill_v1/seller/posting_fbo_202608.json
2026-08-16,0123272455-0170-1,38198327431,0123272455-0170,delivered,posting_received,3528293526,535581674,EVT-FT-MOIST-150,1,1002.0,3484.6500000000005,2482.6500000000005,,591.18,no,,raw/backfill_v1/seller/posting_fbo_202608.json
2026-08-16,58218201-0094-2,38598035849,58218201-0094,delivered,posting_received,3735674506,910584041,EVT-SET-TON-SER-CREAM-ACNE,1,1950.0,5433.3,3483.3,,1150.5,no,,raw/backfill_v1/seller/posting_fbo_202608.json
2026-08-17,0214571384-0132-1,37984236520,0214571384-0132,delivered,posting_received,2974977988,438775617,EVT-FC-ACNE-50,1,1253.0,4087.77,2834.77,,739.27,no,,raw/backfill_v1/seller/posting_fbo_202608.json
2026-08-17,0150550808-0052-1,38209666424,0150550808-0052,cancelled,posting_canceled,3735674506,910584041,EVT-SET-TON-SER-CREAM-ACNE,1,1950.0,5676.0599999999995,3726.06,,0.0,yes,79,raw/backfill_v1/seller/posting_fbo_202608.json
2026-08-17,0109917285-0093-1,38341205221,0109917285-0093,delivered,posting_delivered,1991772098,305101272,EVT-FS-MOIST-30,1,1192.0,3773.7999999999997,2581.7999999999997,,703.28,no,,raw/backfill_v1/seller/posting_fbo_202608.json
2026-08-17,32147445-0711-1,37916252037,32147445-0711,delivered,posting_received,3732641694,567668635,EVT-SET-SER-CREAM-ACNE,1,1407.0,4134.01,2727.01,,830.13,no,,raw/backfill_v1/seller/posting_fbo_202608.json
2026-08-17,0177187200-0263-11,37933392432,0177187200-0263,delivered,posting_received,3735674506,910584041,EVT-SET-TON-SER-CREAM-ACNE,1,1950.0,6766.4400000000005,4816.4400000000005,,1150.5,no,,raw/backfill_v1/seller/posting_fbo_202608.json
2026-08-17,0231603643-0006-1,37929157611,0231603643-0006,delivered,posting_received,3930712640,593111985,EVT-HC-AMBER-300,1,967.0,3835.66,2868.66,,570.53,no,,raw/backfill_v1/seller/posting_fbo_202608.json
2026-08-18,40042682-0146-1,38457600186,40042682-0146,delivered,posting_received,3892410843,930334396,EVT-SET-HAND-AMBER,1,1139.0,4025.04,2886.04,,672.01,no,,raw/backfill_v1/seller/posting_fbo_202608.json
2026-08-18,29739629-0172-1,38131462669,29739629-0172,delivered,posting_received,3528293526,535581674,EVT-FT-MOIST-150,1,996.0,3488.15,2492.15,,587.64,no,,raw/backfill_v1/seller/posting_fbo_202608.json
2026-08-18,82007149-0827-1,37930435229,82007149-0827,delivered,posting_received,3528293526,535581674,EVT-FT-MOIST-150,1,996.0,3455.82,2459.82,,587.64,no,,raw/backfill_v1/seller/posting_fbo_202608.json
2026-08-19,38095424-0031-1,37818122624,38095424-0031,delivered,posting_received,3530427102,535581675,EVT-FT-ACNE-150,1,986.0,3370.95,2384.95,,581.74,no,,raw/backfill_v1/seller/posting_fbo_202608.json
2026-08-19,76317668-0110-1,37782280996,76317668-0110,delivered,posting_received,1997079254,252442517,EVT-HC-HAND-300,1,813.0,2124.9,1311.9,,479.67,no,,raw/backfill_v1/seller/posting_fbo_202608.json
2026-08-19,76317668-0110-3,37782280996,76317668-0110,delivered,posting_received,3892345516,930334395,EVT-SET-HAND-CHERRY,1,1195.0,3749.2799999999997,2554.2799999999997,,705.05,no,,raw/backfill_v1/seller/posting_fbo_202608.json
2026-08-19,35321171-0289-2,38344705459,35321171-0289,delivered,posting_received,2974977988,438775617,EVT-FC-ACNE-50,1,1133.0,3935.7,2802.7,,668.47,no,,raw/backfill_v1/seller/posting_fbo_202608.json
2026-08-19,35321171-0289-5,38344705459,35321171-0289,delivered,posting_received,3735674506,910584041,EVT-SET-TON-SER-CREAM-ACNE,1,1900.0,5950.219999999999,4050.22,,1121.0,no,,raw/backfill_v1/seller/posting_fbo_202608.json
2026-08-19,35321171-0289-6,38344705459,35321171-0289,delivered,posting_received,1994674912,305101361,EVT-FS-ACNE-30,1,1208.0,3739.91,2531.91,,712.72,no,,raw/backfill_v1/seller/posting_fbo_202608.json
2026-08-19,35321171-0289-11,38344705459,35321171-0289,delivered,posting_received,3543342130,535580776,EVT-EP-ENZYME-75,1,999.0,3133.1499999999996,2134.1499999999996,,589.41,no,,raw/backfill_v1/seller/posting_fbo_202608.json
2026-08-19,35321171-0289-15,38344705459,35321171-0289,delivered,posting_received,3530427102,535581675,EVT-FT-ACNE-150,1,986.0,3373.79,2387.79,,581.74,no,,raw/backfill_v1/seller/posting_fbo_202608.json
2026-08-19,67879944-0184-4,37853961032,67879944-0184,delivered,posting_received,3733452761,868597351,EVT-SET-4PC-ACNE,1,2958.0,9491.32,6533.320000000001,,1745.22,no,,raw/backfill_v1/seller/posting_fbo_202608.json
2026-08-19,65377661-0395-1,38817595501,65377661-0395,delivered,posting_received,4843362212,1083392113,EVT-SET-ACNE-TONIC-SERUM,1,1421.0,4355.95,2934.95,,838.39,no,,raw/backfill_v1/seller/posting_fbo_202608.json
2026-08-19,15126239-0026-1,39220433807,15126239-0026,delivered,posting_received,3930712640,593111985,EVT-HC-AMBER-300,1,959.0,3951.73,2992.73,,565.81,no,,raw/backfill_v1/seller/posting_fbo_202608.json
2026-08-19,0265731650-0014-1,38321237746,0265731650-0014,delivered,posting_received,3543342130,535580776,EVT-EP-ENZYME-75,1,999.0,3211.06,2212.06,,589.41,no,,raw/backfill_v1/seller/posting_fbo_202608.json
2026-08-19,05429545-0317-1,37719846441,05429545-0317,delivered,posting_received,3543342130,535580776,EVT-EP-ENZYME-75,1,999.0,3232.48,2233.48,,589.41,no,,raw/backfill_v1/seller/posting_fbo_202608.json
2026-08-19,47187925-0009-1,38199732005,47187925-0009,delivered,posting_received,3735674506,910584041,EVT-SET-TON-SER-CREAM-ACNE,1,1900.0,5943.1900000000005,4043.19,,1121.0,no,,raw/backfill_v1/seller/posting_fbo_202608.json
2026-08-19,0181184258-0004-1,37982441794,0181184258-0004,delivered,posting_received,3733452761,868597351,EVT-SET-4PC-ACNE,1,2958.0,9557.99,6599.99,,1745.22,no,,raw/backfill_v1/seller/posting_fbo_202608.json
2026-08-20,81360106-0505-1,38032475354,81360106-0505,delivered,posting_received,3543342130,535580776,EVT-EP-ENZYME-75,1,999.0,3235.04,2236.04,,589.41,no,,raw/backfill_v1/seller/posting_fbo_202608.json
2026-08-20,60089518-0388-1,37630771198,60089518-0388,delivered,posting_received,3528293526,535581674,EVT-FT-MOIST-150,1,996.0,3496.71,2500.71,,587.64,no,,raw/backfill_v1/seller/posting_fbo_202608.json
2026-08-20,0105883992-0314-1,37907452392,0105883992-0314,delivered,posting_received,2974977988,438775617,EVT-FC-ACNE-50,1,1133.0,3937.9100000000003,2804.9100000000003,,668.47,no,,raw/backfill_v1/seller/posting_fbo_202608.json
2026-08-20,41472753-0076-1,38433214849,41472753-0076,delivered,posting_received,3733947454,909951444,EVT-SET-ACNE-POWDER-SERUM-CREAM,1,2000.0,7593.57,5593.57,,1180.0,no,,raw/backfill_v1/seller/posting_fbo_202608.json
2026-08-20,66461262-0191-1,38357627758,66461262-0191,delivered,posting_received,1997079254,252442517,EVT-HC-HAND-300,1,813.0,2153.06,1340.06,,479.67,no,,raw/backfill_v1/seller/posting_fbo_202608.json
2026-08-20,31277213-0625-2,39070130157,31277213-0625,delivered,posting_received,3530427102,535581675,EVT-FT-ACNE-150,1,986.0,3369.05,2383.05,,581.74,no,,raw/backfill_v1/seller/posting_fbo_202608.json
2026-08-20,0144640483-1300-1,37946232531,0144640483-1300,delivered,posting_received,3543342130,535580776,EVT-EP-ENZYME-75,1,999.0,3230.29,2231.29,,589.41,no,,raw/backfill_v1/seller/posting_fbo_202608.json
2026-08-20,43300358-0341-1,38523505638,43300358-0341,delivered,posting_received,3892223191,930334397,EVT-SET-CHERRY-AMBER,1,1185.0,4501.25,3316.25,,699.15,no,,raw/backfill_v1/seller/posting_fbo_202608.json
2026-08-20,82358868-0686-1,38447604692,82358868-0686,delivered,posting_received,3530427102,535581675,EVT-FT-ACNE-150,1,986.0,3470.0,2484.0,,581.74,no,,raw/backfill_v1/seller/posting_fbo_202608.json
2026-08-20,25289427-0285-1,37581370723,25289427-0285,delivered,posting_received,1997079254,252442517,EVT-HC-HAND-300,1,813.0,2150.41,1337.41,,479.67,no,,raw/backfill_v1/seller/posting_fbo_202608.json
2026-08-20,77152971-0050-1,37772050715,77152971-0050,delivering,posting_on_way_to_city,3892410843,930334396,EVT-SET-HAND-AMBER,1,1131.0,3917.0,2786.0,,0.0,no,,raw/backfill_v1/seller/posting_fbo_202608.json
2026-08-21,32590483-0097-1,38239992707,32590483-0097,delivered,posting_received,1997079254,252442517,EVT-HC-HAND-300,1,813.0,2129.04,1316.04,,479.67,no,,raw/backfill_v1/seller/posting_fbo_202608.json
2026-08-21,0134787616-0161-2,38435514640,0134787616-0161,cancelled,posting_canceled,3530427102,535581675,EVT-FT-ACNE-150,1,986.0,3478.3100000000004,2492.3100000000004,,0.0,yes,710,raw/backfill_v1/seller/posting_fbo_202608.json
2026-08-21,0198345921-0130-23,37186581217,0198345921-0130,delivered,posting_received,3530427102,535581675,EVT-FT-ACNE-150,1,986.0,3468.11,2482.11,,581.74,no,,raw/backfill_v1/seller/posting_fbo_202608.json
2026-08-21,0224177331-0331-1,37802703251,0224177331-0331,delivering,posting_in_pickup_point,1997079254,252442517,EVT-HC-HAND-300,1,863.0,2246.3199999999997,1383.3199999999997,,0.0,no,,raw/backfill_v1/seller/posting_fbo_202608.json
2026-08-21,0150550808-0063-1,38308726424,0150550808-0063,cancelled,posting_canceled,3735674506,910584041,EVT-SET-TON-SER-CREAM-ACNE,1,1937.0,6065.9,4128.9,,0.0,yes,945,raw/backfill_v1/seller/posting_fbo_202608.json
2026-08-21,0152159323-1117-1,37935711115,0152159323-1117,delivered,posting_received,2974977988,438775617,EVT-FC-ACNE-50,1,1183.0,3919.6800000000003,2736.6800000000003,,697.97,no,,raw/backfill_v1/seller/posting_fbo_202608.json
2026-08-22,98953119-0321-1,38404591951,98953119-0321,delivered,posting_received,3892518031,593111986,EVT-HC-CHERRY-300,1,1001.0,3885.7600000000007,2884.7600000000007,,590.59,no,,raw/backfill_v1/seller/posting_fbo_202608.json
2026-08-22,69818289-0736-1,37925016065,69818289-0736,delivered,posting_received,3930712640,593111985,EVT-HC-AMBER-300,1,1009.0,3801.52,2792.52,,595.31,no,,raw/backfill_v1/seller/posting_fbo_202608.json
2026-08-22,34851774-1572-1,38165843006,34851774-1572,delivered,posting_received,3530427102,535581675,EVT-FT-ACNE-150,1,1036.0,3316.8300000000004,2280.8300000000004,,611.24,no,,raw/backfill_v1/seller/posting_fbo_202608.json
2026-08-22,34851774-1572-3,38165843006,34851774-1572,delivered,posting_received,2974977988,438775617,EVT-FC-ACNE-50,1,1183.0,3875.7,2692.7,,697.97,no,,raw/backfill_v1/seller/posting_fbo_202608.json
2026-08-22,0191083670-0106-1,38626725270,0191083670-0106,delivering,posting_in_pickup_point,3543342130,535580776,EVT-EP-ENZYME-75,1,1021.0,3109.54,2088.54,,0.0,no,,raw/backfill_v1/seller/posting_fbo_202608.json
2026-08-22,39054746-0061-1,38912273482,39054746-0061,delivered,posting_received,3543342130,535580776,EVT-EP-ENZYME-75,1,1021.0,3055.14,2034.1399999999999,,602.39,no,,raw/backfill_v1/seller/posting_fbo_202608.json
2026-08-23,0202291788-0121-4,38195686732,0202291788-0121,delivering,posting_on_way_to_city,3528293526,535581674,EVT-FT-MOIST-150,1,1042.0,3359.0,2317.0,,0.0,no,,raw/backfill_v1/seller/posting_fbo_202608.json
2026-08-23,45787713-0006-1,37609942625,45787713-0006,delivered,posting_received,1994674912,305101361,EVT-FS-ACNE-30,1,1208.0,3775.67,2567.67,,712.72,no,,raw/backfill_v1/seller/posting_fbo_202608.json
2026-08-23,81103807-0022-1,37491163007,81103807-0022,delivered,posting_received,3735183318,910330849,EVT-SET-MOIST-TONIC-SERUM,1,1223.0,4230.07,3007.07,,721.57,no,,raw/backfill_v1/seller/posting_fbo_202608.json
2026-08-24,36898487-0174-1,37400481719,36898487-0174,delivered,posting_received,3530427102,535581675,EVT-FT-ACNE-150,1,1036.0,3402.85,2366.85,,611.24,no,,raw/backfill_v1/seller/posting_fbo_202608.json
2026-08-24,0133327504-0175-1,37865042704,0133327504-0175,delivered,posting_received,3892345516,930334395,EVT-SET-HAND-CHERRY,1,1245.0,3840.24,2595.24,,734.55,no,,raw/backfill_v1/seller/posting_fbo_202608.json
2026-08-24,11471894-0423-1,39284753094,11471894-0423,delivered,posting_received,3735183318,910330849,EVT-SET-MOIST-TONIC-SERUM,1,1223.0,4115.87,2892.87,,721.57,no,,raw/backfill_v1/seller/posting_fbo_202608.json
2026-08-24,29020685-0873-47,37922414621,29020685-0873,delivered,posting_received,3543342130,535580776,EVT-EP-ENZYME-75,1,1021.0,3138.86,2117.86,,602.39,no,,raw/backfill_v1/seller/posting_fbo_202608.json
2026-08-25,0140839065-0080-1,37875462201,0140839065-0080,delivering,posting_on_way_to_city,1994674912,305101361,EVT-FS-ACNE-30,1,1258.0,3801.5299999999997,2543.5299999999997,,0.0,no,,raw/backfill_v1/seller/posting_fbo_202608.json
2026-08-25,0104137108-0267-1,37998350404,0104137108-0267,delivering,posting_in_pickup_point,3892518031,593111986,EVT-HC-CHERRY-300,1,1065.0,3978.32,2913.32,,0.0,no,,raw/backfill_v1/seller/posting_fbo_202608.json
2026-08-26,0123934165-0014-1,38325155589,0123934165-0014,delivered,posting_received,3528293526,535581674,EVT-FT-MOIST-150,1,1096.0,3916.7700000000004,2820.7700000000004,,646.64,no,,raw/backfill_v1/seller/posting_fbo_202608.json
2026-08-26,0102968538-0529-1,38971223290,0102968538-0529,cancelled,posting_canceled,3735183318,910330849,EVT-SET-MOIST-TONIC-SERUM,1,1273.0,4144.43,2871.43,,0.0,yes,506,raw/backfill_v1/seller/posting_fbo_202608.json
2026-08-26,0110060926-0198-1,38086371406,0110060926-0198,delivering,posting_in_pickup_point,3892345516,930334395,EVT-SET-HAND-CHERRY,1,1288.0,3767.8700000000003,2479.8700000000003,,0.0,no,,raw/backfill_v1/seller/posting_fbo_202608.json
2026-08-26,18408324-0404-3,38165400900,18408324-0404,delivered,posting_received,2974977988,438775617,EVT-FC-ACNE-50,1,1233.0,4015.31,2782.31,,727.47,no,,raw/backfill_v1/seller/posting_fbo_202608.json
2026-08-27,0102968538-0535-1,38990463290,0102968538-0535,delivered,posting_received,3735183318,910330849,EVT-SET-MOIST-TONIC-SERUM,1,1273.0,4186.23,2913.23,,751.07,no,,raw/backfill_v1/seller/posting_fbo_202608.json
2026-08-27,0111992807-0037-1,37490338167,0111992807-0037,delivering,posting_in_pickup_point,3892518031,593111986,EVT-HC-CHERRY-300,1,1065.0,3991.67,2926.67,,0.0,no,,raw/backfill_v1/seller/posting_fbo_202608.json
2026-08-27,0124323525-0091-1,37950511733,0124323525-0091,delivered,posting_received,1997079254,252442517,EVT-HC-HAND-300,1,913.0,2301.1,1388.1,,538.67,no,,raw/backfill_v1/seller/posting_fbo_202608.json
2026-08-27,80431242-0097-1,38382272186,80431242-0097,delivered,posting_received,3735183318,910330849,EVT-SET-MOIST-TONIC-SERUM,1,1273.0,4190.79,2917.79,,751.07,no,,raw/backfill_v1/seller/posting_fbo_202608.json
2026-08-27,0104137108-0270-1,38048080404,0104137108-0270,delivering,posting_on_way_to_city,3892518031,593111986,EVT-HC-CHERRY-300,1,1065.0,4045.01,2980.01,,0.0,no,,raw/backfill_v1/seller/posting_fbo_202608.json
2026-08-27,0124734158-0043-1,38321222766,0124734158-0043,delivered,posting_received,3530427102,535581675,EVT-FT-ACNE-150,1,1086.0,3495.71,2409.71,,640.74,no,,raw/backfill_v1/seller/posting_fbo_202608.json
2026-08-27,0183342354-0245-3,38565645394,0183342354-0245,delivered,posting_received,1994674912,305101361,EVT-FS-ACNE-30,1,1258.0,3782.32,2524.32,,603.84,no,,raw/backfill_v1/seller/posting_fbo_202608.json
2026-08-28,64710276-0700-2,36668161668,64710276-0700,delivering,posting_in_pickup_point,3530427102,535581675,EVT-FT-ACNE-150,1,1086.0,3454.77,2368.77,,0.0,no,,raw/backfill_v1/seller/posting_fbo_202608.json
2026-08-28,0243785794-0034-1,38041270066,0243785794-0034,cancelled,posting_canceled,1994674912,305101361,EVT-FS-ACNE-30,1,1258.0,3803.77,2545.77,,0.0,yes,504,raw/backfill_v1/seller/posting_fbo_202608.json
2026-08-28,47189370-0020-1,38245453450,47189370-0020,cancelled,posting_canceled,3735674506,910584041,EVT-SET-TON-SER-CREAM-ACNE,1,1937.0,10310.999999999998,8373.999999999998,,0.0,yes,710,raw/backfill_v1/seller/posting_fbo_202608.json
2026-08-28,47189370-0020-2,38245453450,47189370-0020,cancelled,posting_canceled,3735674506,910584041,EVT-SET-TON-SER-CREAM-ACNE,1,1937.0,10310.999999999998,8373.999999999998,,0.0,yes,710,raw/backfill_v1/seller/posting_fbo_202608.json
2026-08-28,41061568-0183-1,39553353264,41061568-0183,cancelled,posting_canceled,3735674506,910584041,EVT-SET-TON-SER-CREAM-ACNE,1,1937.0,6077.34,4140.34,,0.0,yes,505,raw/backfill_v1/seller/posting_fbo_202608.json
2026-08-28,41061568-0185-1,39553513264,41061568-0185,delivering,posting_in_pickup_point,3733452761,868597351,EVT-SET-4PC-ACNE,1,3058.0,9673.24,6615.24,,0.0,no,,raw/backfill_v1/seller/posting_fbo_202608.json
2026-08-28,95055476-0353-1,37924593700,95055476-0353,awaiting_packaging,posting_created,3735183318,910330849,EVT-SET-MOIST-TONIC-SERUM,1,1273.0,4312.27,3039.27,,0.0,no,,raw/backfill_v1/seller/posting_fbo_202608.json
2026-08-28,75910016-0176-1,37933052944,75910016-0176,delivering,posting_on_way_to_city,1994674912,305101361,EVT-FS-ACNE-30,1,1258.0,3903.76,2645.76,,0.0,no,,raw/backfill_v1/seller/posting_fbo_202608.json
2026-08-28,0163969630-0044-1,38340416750,0163969630-0044,awaiting_packaging,posting_created,1997079254,252442517,EVT-HC-HAND-300,1,913.0,2302.67,1389.67,,0.0,no,,raw/backfill_v1/seller/posting_fbo_202608.json
2026-08-29,0109640754-0177-1,38577157218,0109640754-0177,delivering,posting_in_pickup_point,3530427102,535581675,EVT-FT-ACNE-150,1,1086.0,3556.6700000000005,2470.6700000000005,,0.0,no,,raw/backfill_v1/seller/posting_fbo_202608.json
2026-08-29,38015911-0110-1,38582505031,38015911-0110,delivering,posting_on_way_to_city,1997079254,252442517,EVT-HC-HAND-300,1,844.0,2310.1400000000003,1466.14,,0.0,no,,raw/backfill_v1/seller/posting_fbo_202608.json
2026-08-29,0234218933-0020-1,37521421461,0234218933-0020,awaiting_packaging,posting_created,2974977988,438775617,EVT-FC-ACNE-50,1,1233.0,4174.43,2941.43,,0.0,no,,raw/backfill_v1/seller/posting_fbo_202608.json
2026-08-29,0214571384-0137-2,38318976520,0214571384-0137,delivering,posting_on_way_to_city,1997079254,252442517,EVT-HC-HAND-300,1,913.0,2273.4700000000003,1360.47,,0.0,no,,raw/backfill_v1/seller/posting_fbo_202608.json
2026-08-29,69333290-0271-3,38616274394,69333290-0271,delivering,posting_on_way_to_city,1994674912,305101361,EVT-FS-ACNE-30,1,1258.0,3882.8000000000006,2624.8000000000006,,0.0,no,,raw/backfill_v1/seller/posting_fbo_202608.json
2026-08-29,40775735-0080-1,39050184151,40775735-0080,delivering,posting_in_pickup_point,3528293526,535581674,EVT-FT-MOIST-150,1,1096.0,3560.19,2464.19,,0.0,no,,raw/backfill_v1/seller/posting_fbo_202608.json
2026-08-29,25313150-0288-1,39162678062,25313150-0288,delivering,posting_on_way_to_city,1994674912,305101361,EVT-FS-ACNE-30,1,1258.0,3819.95,2561.95,,0.0,no,,raw/backfill_v1/seller/posting_fbo_202608.json
2026-08-29,0144346819-0037-1,38635253779,0144346819-0037,delivering,posting_in_pickup_point,3930712640,593111985,EVT-HC-AMBER-300,1,1059.0,4003.8900000000003,2944.8900000000003,,0.0,no,,raw/backfill_v1/seller/posting_fbo_202608.json
2026-08-30,55786440-0444-1,38297797112,55786440-0444,delivering,posting_on_way_to_city,3735183318,910330849,EVT-SET-MOIST-TONIC-SERUM,1,1273.0,4339.57,3066.57,,0.0,no,,raw/backfill_v1/seller/posting_fbo_202608.json
2026-08-30,0143243600-0937-1,38150776480,0143243600-0937,delivering,posting_on_way_to_city,3528293526,535581674,EVT-FT-MOIST-150,1,1096.0,3626.33,2530.33,,0.0,no,,raw/backfill_v1/seller/posting_fbo_202608.json
2026-08-30,0137488012-0234-1,38040161676,0137488012-0234,delivering,posting_on_way_to_city,3530427102,535581675,EVT-FT-ACNE-150,1,1086.0,3481.4,2395.4,,0.0,no,,raw/backfill_v1/seller/posting_fbo_202608.json
2026-08-30,49815229-0200-1,39019797869,49815229-0200,delivering,posting_on_way_to_city,1994674912,305101361,EVT-FS-ACNE-30,1,1258.0,3892.33,2634.33,,0.0,no,,raw/backfill_v1/seller/posting_fbo_202608.json
2026-08-30,14942378-0105-2,38322090170,14942378-0105,delivering,posting_in_pickup_point,1991772098,305101272,EVT-FS-MOIST-30,1,1128.0,3657.18,2529.18,,0.0,no,,raw/backfill_v1/seller/posting_fbo_202608.json
2026-08-30,0211562374-0016-2,38856083974,0211562374-0016,delivering,posting_on_way_to_city,3735674506,910584041,EVT-SET-TON-SER-CREAM-ACNE,1,1937.0,6159.24,4222.24,,0.0,no,,raw/backfill_v1/seller/posting_fbo_202608.json
2026-08-30,0211562374-0017-1,38856363974,0211562374-0017,delivering,posting_on_way_to_city,3735674506,910584041,EVT-SET-TON-SER-CREAM-ACNE,1,1937.0,6159.24,4222.24,,0.0,no,,raw/backfill_v1/seller/posting_fbo_202608.json
2026-08-30,65177856-0210-1,37997672304,65177856-0210,awaiting_deliver,posting_transferring_to_delivery,3735183318,910330849,EVT-SET-MOIST-TONIC-SERUM,1,1273.0,4292.24,3019.24,,0.0,no,,raw/backfill_v1/seller/posting_fbo_202608.json
2026-08-30,0268934396-0008-2,38473467420,0268934396-0008,delivering,posting_on_way_to_city,3528293526,535581674,EVT-FT-MOIST-150,1,1096.0,3617.7600000000007,2521.7600000000007,,0.0,no,,raw/backfill_v1/seller/posting_fbo_202608.json
2026-08-30,0107420423-0414-1,38980846919,0107420423-0414,delivering,posting_on_way_to_city,3530427102,535581675,EVT-FT-ACNE-150,1,1086.0,3478.5800000000004,2392.5800000000004,,0.0,no,,raw/backfill_v1/seller/posting_fbo_202608.json
2026-08-31,0211562374-0019-2,38867323974,0211562374-0019,awaiting_deliver,posting_transferring_to_delivery,3735674506,910584041,EVT-SET-TON-SER-CREAM-ACNE,1,1937.0,6164.0,4227.0,,0.0,no,,raw/backfill_v1/seller/posting_fbo_202608.json
2026-08-31,0105389229-0046-1,38067747341,0105389229-0046,awaiting_deliver,posting_transferring_to_delivery,3528293526,535581674,EVT-FT-MOIST-150,1,1096.0,3659.6699999999996,2563.6699999999996,,0.0,no,,raw/backfill_v1/seller/posting_fbo_202608.json
2026-08-31,18223944-0250-2,38370914936,18223944-0250,awaiting_packaging,posting_created,3930712640,593111985,EVT-HC-AMBER-300,1,1059.0,4061.0499999999997,3002.0499999999997,,0.0,no,,raw/backfill_v1/seller/posting_fbo_202608.json
2026-08-31,46261805-0060-1,38239001581,46261805-0060,awaiting_packaging,posting_created,1994674912,305101361,EVT-FS-ACNE-30,1,1258.0,4003.0,2745.0,,0.0,no,,raw/backfill_v1/seller/posting_fbo_202608.json
2026-08-31,0210692814-0049-1,38427362766,0210692814-0049,awaiting_packaging,posting_created,1991772098,305101272,EVT-FS-MOIST-30,1,1234.0,3935.56,2701.56,,0.0,no,,raw/backfill_v1/seller/posting_fbo_202608.json
