date,ozon_sku,seller_price,sale_price,bonus,coinvestment,spp_pct,identity_check
2026-06-01,3530427102,730.0,341.9,384.68,3.42,53.16,0.0
2026-06-01,3892223191,1161.0,829.0,332.0,0.0,28.6,0.0
2026-06-02,1997079254,480.0,259.05,218.36,2.59,46.03,0.0
2026-06-03,1997079254,480.0,256.9,223.1,0.0,46.48,0.0
2026-06-04,1997079254,530.0,229.52,298.18,2.3,56.69,0.0
2026-06-04,3528293526,730.0,302.86,424.11,3.03,58.51,0.0
2026-06-04,3735674506,1612.0,845.71,757.83,8.46,47.54,0.0
2026-06-05,1997079254,530.0,232.38,295.3,2.32,56.15,-0.0
2026-06-06,1997079254,530.0,265.46,261.89,2.65,49.91,0.0
2026-06-06,3530427102,730.0,336.79,389.84,3.37,53.86,0.0
2026-06-06,3530427102,730.0,374.29,355.71,0.0,48.73,0.0
2026-06-06,3732641694,1120.0,564.76,549.59,5.65,49.58,0.0
2026-06-08,1997079254,556.0,256.19,297.25,2.56,53.92,0.0
2026-06-08,1997079254,530.0,247.03,280.5,2.47,53.39,0.0
2026-06-08,3530427102,837.0,381.01,452.18,3.81,54.48,0.0
2026-06-09,3530427102,837.0,381.9,451.28,3.82,54.37,0.0
2026-06-09,3735674506,1550.0,1049.52,500.48,0.0,32.29,0.0
2026-06-09,3735674506,1630.0,892.89,728.18,8.93,45.22,0.0
2026-06-09,3735674506,1630.0,892.89,728.18,8.93,45.22,0.0
2026-06-10,1997079254,556.0,220.95,332.84,2.21,60.26,0.0
2026-06-10,3733947454,1680.0,713.33,959.54,7.13,57.54,0.0
2026-06-11,1997079254,556.0,204.76,349.19,2.05,63.17,0.0
2026-06-11,3530427102,837.0,323.81,509.95,3.24,61.31,0.0
2026-06-12,1997079254,529.0,237.14,289.49,2.37,55.17,0.0
2026-06-12,3735674506,1630.0,759.05,870.95,0.0,53.43,0.0
2026-06-15,1997079254,556.0,204.76,349.19,2.05,63.17,0.0
2026-06-15,3530427102,859.0,388.57,470.43,0.0,54.76,0.0
2026-06-15,3733947454,1800.0,660.0,1133.4,6.6,63.33,0.0
2026-06-15,3892345516,1200.0,557.14,637.29,5.57,53.57,0.0
2026-06-16,3732641694,1651.0,645.5,999.04,6.46,60.9,0.0
2026-06-16,3733452761,2430.0,1057.09,1362.34,10.57,56.5,0.0
2026-06-16,3892518031,1050.0,470.98,574.31,4.71,55.14,0.0
2026-06-17,1997079254,530.0,247.62,279.9,2.48,53.28,0.0
2026-06-17,3733452761,3221.0,1359.05,1861.95,0.0,57.81,0.0
2026-06-18,3733452761,3221.0,1353.33,1867.67,0.0,57.98,0.0
2026-06-19,3732641694,1377.0,636.19,740.81,0.0,53.8,0.0
2026-06-20,3892345516,1200.0,539.05,655.56,5.39,55.08,0.0
2026-06-22,3735674506,2139.0,1096.19,1031.85,10.96,48.75,0.0
2026-06-24,3733452761,2430.0,1225.71,1204.29,0.0,49.56,0.0
2026-06-25,3892345516,1571.0,760.23,803.17,7.6,51.61,0.0
2026-06-29,1997079254,556.0,206.67,347.26,2.07,62.83,0.0
2026-06-29,3528293526,872.0,370.48,497.82,3.7,57.51,0.0
2026-06-29,3530427102,823.0,290.48,529.62,2.9,64.7,0.0
2026-06-30,3530427102,818.0,311.13,506.87,0.0,61.96,0.0
2026-07-02,3892410843,1261.0,532.08,723.6,5.32,57.8,0.0
2026-07-03,3530427102,967.0,378.3,584.92,3.78,60.88,0.0
2026-07-03,3530427102,832.0,347.17,481.36,3.47,58.27,0.0
2026-07-05,3528293526,1161.0,393.23,763.84,3.93,66.13,-0.0
2026-07-05,3733452761,2831.0,1349.52,1467.98,13.5,52.33,0.0
2026-07-05,3892410843,1420.0,561.14,853.25,5.61,60.48,0.0
2026-07-06,3528293526,975.0,333.18,638.49,3.33,65.83,-0.0
2026-07-06,3892345516,1416.0,755.66,660.34,0.0,46.63,0.0
2026-07-06,3930712640,1230.0,464.21,761.15,4.64,62.26,0.0
2026-07-07,3528293526,872.0,333.33,535.34,3.33,61.77,-0.0
2026-07-07,3530427102,1148.0,416.19,727.65,4.16,63.75,0.0
2026-07-07,3732641694,1823.0,59.68,1762.72,0.6,96.73,0.0
2026-07-07,3733452761,2923.0,1211.43,1699.46,12.11,58.56,-0.0
2026-07-07,3735674506,2110.0,935.3,1174.7,0.0,55.67,0.0
2026-07-08,3733452761,3014.0,1244.76,1756.79,12.45,58.7,0.0
2026-07-09,3892345516,1416.0,591.43,818.66,5.91,58.23,0.0
2026-07-09,3930712640,1230.0,497.63,727.39,4.98,59.54,0.0
2026-07-10,2974977988,980.0,532.29,442.39,5.32,45.68,0.0
2026-07-10,3892518031,1176.0,432.38,739.3,4.32,63.23,0.0
2026-07-11,2974977988,990.0,555.24,429.21,5.55,43.92,0.0
2026-07-11,3733452761,3014.0,1122.86,1879.91,11.23,62.75,0.0
2026-07-11,3892345516,1416.0,611.43,798.46,6.11,56.82,0.0
2026-07-12,1991772098,1060.0,559.05,495.36,5.59,47.26,0.0
2026-07-12,3892223191,1563.0,743.81,811.75,7.44,52.41,0.0
2026-07-13,1991772098,896.0,307.62,585.3,3.08,65.67,0.0
2026-07-14,3735674506,2989.0,1278.86,1697.35,12.79,57.21,0.0
2026-07-14,3735674506,2989.0,1278.86,1697.35,12.79,57.21,0.0
2026-07-14,3735674506,2989.0,1278.86,1697.35,12.79,57.21,0.0
2026-07-14,3892345516,1416.0,578.62,831.59,5.79,59.14,0.0
2026-07-18,1991772098,853.0,292.38,557.7,2.92,65.72,0.0
2026-07-18,1997079254,586.0,280.0,303.2,2.8,52.22,0.0
2026-07-18,3543342130,1123.0,519.05,598.76,5.19,53.78,0.0
2026-07-18,3733452761,2841.0,1662.86,1161.51,16.63,41.47,0.0
2026-07-19,1997079254,650.0,369.52,276.78,3.7,43.15,0.0
2026-07-19,2974977988,1021.0,362.29,655.09,3.62,64.52,-0.0
2026-07-19,3735674506,2045.0,1114.29,919.57,11.14,45.51,-0.0
2026-07-19,3735674506,2045.0,920.0,1115.8,9.2,55.01,0.0
2026-07-20,1997079254,586.0,217.89,365.93,2.18,62.82,0.0
2026-07-20,1997079254,586.0,304.25,278.71,3.04,48.08,0.0
2026-07-20,2974977988,1021.0,417.14,599.69,4.17,59.14,0.0
2026-07-20,2974977988,1021.0,352.38,665.1,3.52,65.49,0.0
2026-07-20,3530427102,1109.0,399.81,705.19,4.0,63.95,0.0
2026-07-20,3543342130,1123.0,464.76,653.59,4.65,58.61,0.0
2026-07-21,2974977988,1021.0,352.38,665.1,3.52,65.49,0.0
2026-07-21,3543342130,1123.0,392.38,726.7,3.92,65.06,0.0
2026-07-22,1991772098,845.0,300.95,541.04,3.01,64.38,0.0
2026-07-22,1997079254,928.0,318.1,606.72,3.18,65.72,0.0
2026-07-22,3733947454,1586.0,639.05,940.56,6.39,59.71,0.0
2026-07-23,1997079254,928.0,318.1,606.72,3.18,65.72,0.0
2026-07-23,3733452761,2841.0,1299.05,1528.96,12.99,54.27,0.0
2026-07-23,3892223191,1530.0,1018.1,511.9,0.0,33.46,0.0
2026-07-23,3892518031,1275.0,435.07,835.58,4.35,65.88,0.0
2026-07-24,3733452761,3900.0,1727.62,2155.1,17.28,55.7,0.0
2026-07-25,3530427102,1109.0,520.0,583.8,5.2,53.11,0.0
2026-07-26,1994674912,838.0,457.14,376.29,4.57,45.45,-0.0
2026-07-26,3892518031,1101.0,420.0,676.8,4.2,61.85,0.0
2026-07-27,2974977988,1297.0,529.02,767.98,0.0,59.21,0.0
2026-07-27,3733947454,2216.0,1143.67,1072.33,0.0,48.39,0.0
2026-07-28,1997079254,861.0,330.48,530.52,0.0,61.62,0.0
2026-07-28,3733452761,4101.0,1786.67,2296.46,17.87,56.43,0.0
2026-07-28,3892518031,1101.0,1.0,665.04,434.96,99.91,0.0
2026-07-29,3892518031,1101.0,394.29,702.77,3.94,64.19,0.0
2026-07-30,1991772098,1280.0,449.41,826.1,4.49,64.89,0.0
2026-07-30,3530427102,1640.0,652.71,987.29,0.0,60.2,0.0
2026-07-30,3892518031,1101.0,422.45,674.33,4.22,61.63,0.0
2026-07-30,3892518031,1093.0,398.98,690.03,3.99,63.5,0.0
2026-07-31,1991772098,959.0,327.79,627.93,3.28,65.82,0.0
2026-07-31,3530427102,1128.0,420.55,703.24,4.21,62.72,0.0
2026-07-31,3543342130,1132.0,436.73,690.9,4.37,61.42,0.0
2026-07-31,3892518031,1101.0,386.67,710.46,3.87,64.88,0.0
2026-08-01,1991772098,959.0,328.57,627.14,3.29,65.74,0.0
2026-08-01,2974977988,1297.0,472.64,819.63,4.73,63.56,0.0
2026-08-01,3530427102,1128.0,413.21,710.66,4.13,63.37,0.0
2026-08-01,3530427102,1000.0,374.29,621.97,3.74,62.57,0.0
2026-08-01,3892223191,1203.0,62.08,1140.3,0.62,94.84,0.0
2026-08-02,1997079254,900.0,308.28,588.64,3.08,65.75,0.0
2026-08-03,1997079254,900.0,308.57,588.34,3.09,65.71,-0.0
2026-08-04,1991772098,1280.0,439.05,836.56,4.39,65.7,0.0
2026-08-04,1994674912,838.0,287.62,547.5,2.88,65.68,0.0
2026-08-04,1997079254,900.0,308.57,588.34,3.09,65.71,-0.0
2026-08-04,3733452761,3886.0,1804.76,2063.19,18.05,53.56,0.0
2026-08-04,3892518031,965.0,330.48,631.22,3.3,65.75,0.0
2026-08-05,1991772098,959.0,313.64,642.22,3.14,67.3,0.0
2026-08-05,1991772098,959.0,365.71,593.29,0.0,61.87,0.0
2026-08-05,1994674912,929.0,317.34,608.49,3.17,65.84,0.0
2026-08-05,3530427102,903.0,309.23,590.68,3.09,65.76,0.0
2026-08-05,3530427102,1128.0,478.86,649.14,0.0,57.55,0.0
2026-08-05,3733947454,2141.0,1143.94,997.06,0.0,46.57,0.0
2026-08-05,3892518031,965.0,339.05,622.56,3.39,64.87,0.0
2026-08-06,1994674912,929.0,318.1,607.72,3.18,65.76,0.0
2026-08-06,1997079254,586.0,226.79,359.21,0.0,61.3,0.0
2026-08-06,3528293526,886.0,303.09,579.88,3.03,65.79,0.0
2026-08-06,3528293526,886.0,303.09,579.88,3.03,65.79,0.0
2026-08-06,3530427102,1128.0,426.67,697.06,4.27,62.17,0.0
2026-08-06,3530427102,903.0,309.52,590.38,3.1,65.72,0.0
2026-08-07,1994674912,929.0,318.1,607.72,3.18,65.76,0.0
2026-08-07,2974977988,1297.0,444.76,847.79,4.45,65.71,0.0
2026-08-08,1991772098,953.0,326.67,623.06,3.27,65.72,0.0
2026-08-08,1991772098,915.0,313.33,598.54,3.13,65.76,0.0
2026-08-08,1994674912,847.0,290.48,553.62,2.9,65.7,0.0
2026-08-08,1994674912,929.0,318.1,607.72,3.18,65.76,0.0
2026-08-08,1997079254,900.0,305.66,591.28,3.06,66.04,0.0
2026-08-08,3530427102,950.0,325.71,621.03,3.26,65.71,0.0
2026-08-08,3530427102,950.0,361.9,588.1,0.0,61.91,0.0
2026-08-08,3543342130,930.0,318.29,608.53,3.18,65.78,0.0
2026-08-08,3732641694,1180.0,713.54,459.32,7.14,39.53,0.0
2026-08-08,3735674506,2100.0,1091.08,1008.92,0.0,48.04,0.0
2026-08-08,3892223191,1165.0,450.48,710.02,4.5,61.33,0.0
2026-08-08,3892518031,965.0,330.48,631.22,3.3,65.75,0.0
2026-08-08,3930712640,905.0,308.22,593.7,3.08,65.94,-0.0
2026-08-08,3930712640,898.0,26.96,870.77,0.27,97.0,0.0
2026-08-09,1991772098,959.0,328.57,627.14,3.29,65.74,0.0
2026-08-09,1997079254,819.0,280.95,535.24,2.81,65.7,0.0
2026-08-09,3528293526,950.0,325.71,621.03,3.26,65.71,0.0
2026-08-09,3732641694,1080.0,646.67,426.86,6.47,40.12,0.0
2026-08-09,3892518031,965.0,330.48,631.22,3.3,65.75,0.0
2026-08-09,3892518031,965.0,330.48,631.22,3.3,65.75,0.0
2026-08-10,1994674912,842.0,297.39,541.64,2.97,64.68,0.0
2026-08-10,1994674912,842.0,320.95,517.84,3.21,61.88,0.0
2026-08-10,1997079254,819.0,280.95,535.24,2.81,65.7,0.0
2026-08-10,1997079254,819.0,280.95,535.24,2.81,65.7,0.0
2026-08-10,3530427102,950.0,324.63,622.12,3.25,65.83,0.0
2026-08-10,3530427102,950.0,342.0,604.58,3.42,64.0,0.0
2026-08-10,3733452761,2900.0,1327.62,1559.1,13.28,54.22,0.0
2026-08-10,3735674506,2100.0,878.1,1213.12,8.78,58.19,0.0
2026-08-10,3930712640,905.0,29.04,875.96,0.0,96.79,0.0
2026-08-11,1991772098,953.0,357.14,592.29,3.57,62.52,0.0
2026-08-11,3528293526,950.0,321.13,625.66,3.21,66.2,0.0
2026-08-11,3528293526,950.0,324.94,621.81,3.25,65.8,0.0
2026-08-11,3528293526,950.0,325.71,621.03,3.26,65.71,0.0
2026-08-11,3892345516,1161.0,550.0,605.5,5.5,52.63,0.0
2026-08-12,1991772098,953.0,326.67,623.06,3.27,65.72,0.0
2026-08-12,1997079254,819.0,288.57,527.54,2.89,64.77,0.0
2026-08-12,2974977988,990.0,339.05,647.56,3.39,65.75,0.0
2026-08-12,3530427102,950.0,325.71,621.03,3.26,65.71,0.0
2026-08-12,3892410843,1000.0,358.19,638.23,3.58,64.18,-0.0
2026-08-13,1991772098,953.0,372.38,576.9,3.72,60.93,0.0
2026-08-13,1997079254,819.0,285.71,530.43,2.86,65.11,0.0
2026-08-14,2974977988,990.0,483.81,501.35,4.84,51.13,-0.0
2026-08-14,2974977988,990.0,417.14,568.69,4.17,57.86,0.0
2026-08-14,3528293526,886.0,303.52,579.44,3.04,65.74,0.0
2026-08-14,3530427102,950.0,439.44,506.17,4.39,53.74,0.0
2026-08-14,3530427102,903.0,309.52,590.38,3.1,65.72,0.0
2026-08-14,3733452761,2900.0,1501.89,1383.09,15.02,48.21,0.0
2026-08-15,1991772098,947.0,386.67,556.46,3.87,59.17,-0.0
2026-08-15,1994674912,1208.0,485.71,717.43,4.86,59.79,0.0
2026-08-15,3735674506,1950.0,93.6,1855.46,0.94,95.2,0.0
2026-08-15,3892223191,1185.0,499.05,680.96,4.99,57.89,0.0
2026-08-15,3892518031,1001.0,409.09,587.82,4.09,59.13,-0.0
2026-08-16,3733452761,2982.0,1506.67,1460.26,15.07,49.47,-0.0
2026-08-17,1994674912,842.0,347.62,490.9,3.48,58.71,0.0
2026-08-17,1994674912,1208.0,553.09,649.38,5.53,54.21,0.0
2026-08-17,1994674912,1208.0,437.14,766.49,4.37,63.81,0.0
2026-08-17,3530427102,998.0,470.83,522.46,4.71,52.82,0.0
2026-08-17,3543342130,1009.0,387.62,621.38,0.0,61.58,0.0
2026-08-17,3543342130,884.0,352.49,527.99,3.52,60.13,0.0
2026-08-17,3732641694,1150.0,712.8,430.07,7.13,38.02,0.0
2026-08-18,2974977988,1253.0,435.24,813.41,4.35,65.26,0.0
2026-08-19,1997079254,813.0,268.39,541.93,2.68,66.99,0.0
2026-08-19,2974977988,1289.0,519.05,764.76,5.19,59.73,0.0
2026-08-19,3528293526,996.0,364.85,627.5,3.65,63.37,0.0
2026-08-19,3530427102,998.0,611.88,386.12,0.0,38.69,0.0
2026-08-19,3735674506,1950.0,110.56,1838.33,1.11,94.33,0.0
2026-08-19,3892518031,1001.0,383.81,613.35,3.84,61.66,-0.0
2026-08-20,1991772098,1192.0,400.95,787.04,4.01,66.36,0.0
2026-08-20,1994674912,1208.0,479.05,724.16,4.79,60.34,0.0
2026-08-20,1997079254,813.0,338.1,471.52,3.38,58.41,0.0
2026-08-20,3528293526,996.0,397.18,594.85,3.97,60.12,0.0
2026-08-20,3530427102,998.0,256.19,739.25,2.56,74.33,0.0
2026-08-20,3530427102,986.0,399.05,582.96,3.99,59.53,0.0
2026-08-20,3733452761,2900.0,1477.14,1408.09,14.77,49.06,0.0
2026-08-20,3892223191,1153.0,59.84,1092.56,0.6,94.81,0.0
2026-08-20,3892345516,1195.0,785.71,401.43,7.86,34.25,0.0
2026-08-21,1991772098,1192.0,400.95,787.04,4.01,66.36,0.0
2026-08-21,1994674912,1208.0,489.1,714.01,4.89,59.51,-0.0
2026-08-21,2974977988,1133.0,465.09,663.26,4.65,58.95,0.0
2026-08-21,2974977988,1133.0,467.3,661.03,4.67,58.76,0.0
2026-08-21,3528293526,996.0,356.29,636.15,3.56,64.23,0.0
2026-08-21,3530427102,986.0,396.21,585.83,3.96,59.82,0.0
2026-08-21,3543342130,999.0,303.52,692.44,3.04,69.62,0.0
2026-08-21,3543342130,999.0,402.84,592.13,4.03,59.68,0.0
2026-08-21,3732641694,1407.0,835.99,562.65,8.36,40.58,0.0
2026-08-21,3735674506,1900.0,883.81,1007.35,8.84,53.48,0.0
2026-08-21,3735674506,1950.0,1443.7,506.3,0.0,25.96,0.0
2026-08-21,3735674506,1900.0,876.78,1014.45,8.77,53.85,0.0
2026-08-21,3892223191,1185.0,61.76,1122.62,0.62,94.79,0.0
2026-08-21,3930712640,967.0,494.34,472.66,0.0,48.88,0.0
2026-08-21,3930712640,959.0,370.27,585.03,3.7,61.39,0.0
2026-08-22,1991772098,1192.0,399.2,788.81,3.99,66.51,0.0
2026-08-23,1997079254,813.0,312.59,497.28,3.13,61.55,0.0
2026-08-23,3543342130,999.0,305.71,690.23,3.06,69.4,0.0
2026-08-23,3733452761,2958.0,1286.67,1658.46,12.87,56.5,0.0
2026-08-23,3892518031,1001.0,357.24,640.19,3.57,64.31,-0.0
2026-08-24,3543342130,999.0,324.94,674.06,0.0,67.47,0.0
2026-08-24,3543342130,999.0,300.95,695.04,3.01,69.87,0.0
2026-08-24,3543342130,1021.0,502.86,518.14,0.0,50.75,0.0
2026-08-24,3733947454,2000.0,811.43,1180.46,8.11,59.43,0.0
2026-08-24,3892410843,1139.0,476.96,657.27,4.77,58.12,0.0
2026-08-25,1991772098,904.0,308.79,592.12,3.09,65.84,-0.0
2026-08-25,2974977988,1183.0,533.33,644.34,5.33,54.92,0.0
2026-08-25,3530427102,986.0,400.95,585.05,0.0,59.34,0.0
2026-08-25,3530427102,986.0,301.9,681.08,3.02,69.38,0.0
2026-08-25,3735183318,1223.0,577.14,640.09,5.77,52.81,0.0
2026-08-25,3735183318,1223.0,462.93,755.44,4.63,62.15,-0.0
2026-08-25,3930712640,1009.0,570.48,438.52,0.0,43.46,0.0
2026-08-26,1997079254,813.0,333.96,479.04,0.0,58.92,0.0
2026-08-26,3543342130,1021.0,419.14,597.67,4.19,58.95,0.0
2026-08-26,3892345516,1245.0,744.76,492.79,7.45,40.18,0.0
2026-08-27,1994674912,1208.0,453.33,750.14,4.53,62.47,0.0
2026-08-27,1997079254,813.0,309.95,499.95,3.1,61.88,0.0
2026-08-27,3733452761,2958.0,1220.0,1725.8,12.2,58.76,0.0
2026-08-28,2974977988,1233.0,487.69,740.43,4.88,60.45,0.0
2026-08-28,2974977988,1183.0,577.3,605.7,0.0,51.2,0.0
2026-08-28,3528293526,1002.0,374.35,623.91,3.74,62.64,0.0
2026-08-28,3530427102,986.0,300.0,683.0,3.0,69.57,0.0
2026-08-28,3530427102,1036.0,503.17,532.83,0.0,51.43,0.0
2026-08-28,3735183318,1273.0,556.77,710.66,5.57,56.26,0.0
2026-08-28,3892518031,1001.0,455.24,541.21,4.55,54.52,0.0
2026-08-29,1994674912,1258.0,496.68,756.35,4.97,60.52,0.0
2026-08-29,3530427102,1036.0,417.14,614.69,4.17,59.74,0.0
2026-08-29,3733452761,2958.0,1496.19,1446.85,14.96,49.42,0.0
2026-08-29,3735183318,1273.0,552.21,715.27,5.52,56.62,0.0
2026-08-29,4843362212,1421.0,559.05,856.36,5.59,60.66,0.0
2026-08-30,3528293526,1096.0,36.24,1059.4,0.36,96.69,0.0
2026-08-30,3530427102,1086.0,374.29,707.97,3.74,65.53,0.0
2026-08-31,1997079254,913.0,261.9,648.48,2.62,71.31,0.0
