filename,source,extraction_timestamp_msk,requested_period,sha256,row_count,size_bytes
api/ozon_perf_swagger_2026-08-31.json,docs.ozon.ru/api/performance/swagger.json,2026-08-31T17:12:27.631764+03:00,spec snapshot 2026-08-31,7436e4a3e40b4d5bf926a887d7891c1db264cbb6582266299a2df10f67592fec,n/a,304771
api/ozon_seller_swagger_2026-08-31.json,docs.ozon.ru/api/seller/swagger.json,2026-08-31T15:42:30.079063+03:00,spec snapshot 2026-08-31,218098457a436fef54dcfe6785b71d465e26f6e6ad83dfe047f5768b5483217a,n/a,3940287
api/perf_campaign_list_2026-08-31.json,Ozon Performance API READ probe,2026-08-31T16:36:37.198853+03:00,см. LOG.md Stage 1.6,0896056d55c97373a625635f697a5cc35d71e5a335ea92f020d9a1a3192e92ca,n/a,67115
api/perf_daily_cpc_32157965_2026-08-31.json,Ozon Performance API READ probe,2026-08-31T17:14:39.222841+03:00,см. LOG.md Stage 1.6,cc44e60ec2d4d7f4f596d1b05d2e5e0301ad22425e91decfcba66efe537c6215,n/a,372
api/perf_daily_noncpc_august_2026-08-31.json,Ozon Performance API READ probe,2026-08-31T17:15:52.718830+03:00,см. LOG.md Stage 1.6,197c5d9e47692306e75e1b5c5ec1a8e4890901a4955201ec8004592ee2cc063f,n/a,818
api/perf_daily_refblogger_36480299_2026-08-31.json,Ozon Performance API READ probe,2026-08-31T17:14:48.754340+03:00,см. LOG.md Stage 1.6,7651fcdb398cacae9c07418644e74f73d652dd0536e17150c509f9fb5eed7bff,n/a,109
api/perf_daily_refvk_36406751_2026-08-31.json,Ozon Performance API READ probe,2026-08-31T17:14:45.584150+03:00,см. LOG.md Stage 1.6,7651fcdb398cacae9c07418644e74f73d652dd0536e17150c509f9fb5eed7bff,n/a,109
api/perf_daily_searchpromo_14503166_2026-08-31.json,Ozon Performance API READ probe,2026-08-31T17:14:42.362228+03:00,см. LOG.md Stage 1.6,7651fcdb398cacae9c07418644e74f73d652dd0536e17150c509f9fb5eed7bff,n/a,109
api/perf_expense_cpc_32157965_2026-08-31.json,Ozon Performance API READ probe,2026-08-31T17:14:40.767803+03:00,см. LOG.md Stage 1.6,616d8e0d7b776937fed9d67a72ef06a70a4b56b436c9264e0772a6ebea5479eb,n/a,368
api/perf_expense_cpc_august_2026-08-31.json,Ozon Performance API READ probe,2026-08-31T17:15:54.322347+03:00,см. LOG.md Stage 1.6,a9f6cf7411c709f2a0fea53ef621e9099ccc9de16a92d4b33f35aa67fea28805,n/a,2601
api/perf_expense_mixed_4types_2026-08-31.json,Ozon Performance API READ probe,2026-08-31T17:14:51.970548+03:00,см. LOG.md Stage 1.6,616d8e0d7b776937fed9d67a72ef06a70a4b56b436c9264e0772a6ebea5479eb,n/a,368
api/perf_expense_noncpc_august_2026-08-31.json,Ozon Performance API READ probe,2026-08-31T17:15:51.033697+03:00,см. LOG.md Stage 1.6,ce33a01921b9f328f818d52be0d14bcf1c5cee5fecd166012f57cc31b206c88a,n/a,320
api/perf_expense_refblogger_36480299_2026-08-31.json,Ozon Performance API READ probe,2026-08-31T17:14:50.342548+03:00,см. LOG.md Stage 1.6,6441280d4106a0b49713724ba3b15f69c76b89ef04ff882198c3c85074a0f287,n/a,122
api/perf_expense_refvk_36406751_2026-08-31.json,Ozon Performance API READ probe,2026-08-31T17:14:47.150179+03:00,см. LOG.md Stage 1.6,6441280d4106a0b49713724ba3b15f69c76b89ef04ff882198c3c85074a0f287,n/a,122
api/perf_expense_searchpromo_14503166_2026-08-31.json,Ozon Performance API READ probe,2026-08-31T17:14:43.976934+03:00,см. LOG.md Stage 1.6,6441280d4106a0b49713724ba3b15f69c76b89ef04ff882198c3c85074a0f287,n/a,122
api/perf_expense_week_validation_2026-08-31.json,Ozon Performance API READ probe,2026-08-31T17:18:46.290937+03:00,см. LOG.md Stage 1.6,3fafc5c339a34487b2c8580243a895f5dc90564ccc23dc6db2331f032fc5e83f,n/a,2893
api/perf_products_32157891_2026-08-31.json,Ozon Performance API READ probe,2026-08-31T17:16:08.767420+03:00,см. LOG.md Stage 1.6,655f060907367d667c21caec428a95470fcdcd3aaafe01e44ddf773e9868a453,n/a,294
api/perf_products_32157919_2026-08-31.json,Ozon Performance API READ probe,2026-08-31T17:16:00.689055+03:00,см. LOG.md Stage 1.6,a514eff606e607f2ac08129d41d19e383e76c00713a786627a08ff22c63a00fd,n/a,279
api/perf_products_32157947_2026-08-31.json,Ozon Performance API READ probe,2026-08-31T17:16:05.490369+03:00,см. LOG.md Stage 1.6,a6817e8994e6fc590b8c86da2f9e776ee82ed5a37693cdb004ab2adb47228a7e,n/a,414
api/perf_products_32157965_2026-08-31.json,Ozon Performance API READ probe,2026-08-31T17:15:55.931135+03:00,см. LOG.md Stage 1.6,badd91428ff2e1bf276d310f6159314e4fc42d14958ec918a1707e7358948768,n/a,208
api/perf_products_32157988_2026-08-31.json,Ozon Performance API READ probe,2026-08-31T17:16:02.283535+03:00,см. LOG.md Stage 1.6,8aeb5b601c712ff4b5141bc35e9274cd2c2d742108a4346609a2398c64579e14,n/a,310
api/perf_products_32158008_2026-08-31.json,Ozon Performance API READ probe,2026-08-31T17:16:11.976412+03:00,см. LOG.md Stage 1.6,dce5deaba26a2f3f05fc771c7831aafbdd25584825704362dcec89fc6c363562,n/a,186
api/perf_products_32158051_2026-08-31.json,Ozon Performance API READ probe,2026-08-31T17:16:10.369807+03:00,см. LOG.md Stage 1.6,e4091b0d0e0539824a39f063f7b09edb692c6332f9538e8dfa940e624f0dbf1c,n/a,389
api/perf_products_32158176_2026-08-31.json,Ozon Performance API READ probe,2026-08-31T17:15:57.522866+03:00,см. LOG.md Stage 1.6,331376f6f80e2148569dcd42dd2a8742f9a8b8fc2b56fd63c91104c5bcb33514,n/a,400
api/perf_products_32158299_2026-08-31.json,Ozon Performance API READ probe,2026-08-31T17:16:13.583766+03:00,см. LOG.md Stage 1.6,4a7523dd9d8523f64f5294eeb04bd27220781c85487769ffd3a6b1eb3d941306,n/a,372
api/perf_products_33678192_2026-08-31.json,Ozon Performance API READ probe,2026-08-31T17:15:59.113733+03:00,см. LOG.md Stage 1.6,a40c0860d5a3d996a8cd0381e702e51160384b28ec07f2b95d1f4efd80bc4777,n/a,279
api/perf_products_33678220_2026-08-31.json,Ozon Performance API READ probe,2026-08-31T17:16:15.201765+03:00,см. LOG.md Stage 1.6,1bdad9d6b082b44596b75524e10436797b91b8ab424669d2f21e070944c480fe,n/a,624
api/perf_products_33678261_2026-08-31.json,Ozon Performance API READ probe,2026-08-31T17:16:18.481648+03:00,см. LOG.md Stage 1.6,e919be4c7dc0bb0a0846150598bb1f1a015565fa86dc533f275b67262c99d428,n/a,382
api/perf_products_33678288_2026-08-31.json,Ozon Performance API READ probe,2026-08-31T17:16:03.890128+03:00,см. LOG.md Stage 1.6,98a3c57a29b52f61cdd42a2da72184d7ec85e8c1e7db831446da9e9f4c7ac5a0,n/a,379
api/perf_products_33678331_2026-08-31.json,Ozon Performance API READ probe,2026-08-31T17:16:16.852937+03:00,см. LOG.md Stage 1.6,2b26748c1f71ae0c8e3622b9def8ad76511f0be478593854de9fdb2b2ca35565,n/a,642
api/perf_products_33703975_2026-08-31.json,Ozon Performance API READ probe,2026-08-31T17:16:07.099295+03:00,см. LOG.md Stage 1.6,91070d8747599670d8ea9912878595ca411dff4c2424b6184a5a9500fb4eb199,n/a,350
api/perf_products_cpc_32157965_2026-08-31.json,Ozon Performance API READ probe,2026-08-31T17:14:53.578064+03:00,см. LOG.md Stage 1.6,badd91428ff2e1bf276d310f6159314e4fc42d14958ec918a1707e7358948768,n/a,208
api/perf_products_refvk_36406751_2026-08-31.json,Ozon Performance API READ probe,2026-08-31T17:14:55.211415+03:00,см. LOG.md Stage 1.6,14011e80373e336d11d56a0cff62145cd88e3e95d6f918339909fa83ad232ee0,n/a,65
api/perf_token_redacted_2026-08-31.json,Ozon Performance API READ probe,2026-08-31T16:36:36.524502+03:00,см. LOG.md Stage 1.6,71ce819edd7bfc4aab67f23c40309b142a6fbaf92f53c4dd2e043f741770088d,n/a,214
api/probe_analytics_data_2026-08-31.json,Ozon Seller API READ probe (smoke test),2026-08-31T15:45:00.230217+03:00,см. LOG.md Stage 1.5,334d9002b16a7333bcb7429ef5121d601a3eb2933f70be3e7e89788a7f99135f,n/a,1518
api/probe_analytics_data_depth_2026-08-31.json,Ozon Seller API READ probe (smoke test),2026-08-31T15:52:17.501111+03:00,см. LOG.md Stage 1.5,81c2f3b201e632a0929a5234c2285a394fe4f070720258a4567b641c544bc7f7,n/a,62
api/probe_analytics_data_funnel_2026-08-31.json,Ozon Seller API READ probe (smoke test),2026-08-31T15:52:09.937744+03:00,см. LOG.md Stage 1.5,1119b0139b663c0a7e09a7a32fd9db7be144cfa5320c1d2d67ba5d910703a66d,n/a,47
api/probe_analytics_prodqueries_2026-08-31.json,Ozon Seller API READ probe (smoke test),2026-08-31T15:46:10.629854+03:00,см. LOG.md Stage 1.5,407682a33846fa376849fa7d68a208a713c37f3578bc4d875526d75a60817f1a,0,144
api/probe_analytics_prodqueries_details_2026-08-31.json,Ozon Seller API READ probe (smoke test),2026-08-31T15:46:55.328125+03:00,см. LOG.md Stage 1.5,7fdda22791b047c2b6c6d276915a4e5607af752123045fb1c91843e41417e6a4,n/a,147
api/probe_analytics_prodqueries_wide_2026-08-31.json,Ozon Seller API READ probe (smoke test),2026-08-31T15:46:49.572279+03:00,см. LOG.md Stage 1.5,d4b0bc93d55d0e67264b3784bae8b6622b4568cfcb5ab3619724d32456decf66,0,144
api/probe_analytics_stocks_2026-08-31.json,Ozon Seller API READ probe (smoke test),2026-08-31T15:45:00.834235+03:00,см. LOG.md Stage 1.5,cb539ac0f2e1daf501e8342bda7ba5534646c69ff53331008b852a8a4f55ffbb,20,20676
api/probe_fin_accrual_by_day_2026-08-31.json,Ozon Seller API READ probe (smoke test),2026-08-31T15:44:51.928218+03:00,см. LOG.md Stage 1.5,a50771d6cbbe38225d0be9e6e4bb945406a7221caa7a717146314f83f61da9de,n/a,12614
api/probe_fin_accrual_types_2026-08-31.json,Ozon Seller API READ probe (smoke test),2026-08-31T15:46:43.946221+03:00,см. LOG.md Stage 1.5,7ab6a87535d92a1e93dee3397f595f33b5efb80427729926845ea2d4a866f451,n/a,13116
api/probe_fin_cash_flow_2026-08-31.json,Ozon Seller API READ probe (smoke test),2026-08-31T15:44:52.661894+03:00,см. LOG.md Stage 1.5,06c94ff203885b95041672d0c6012d0222cf69a13aaf84014f80256a5c98811c,n/a,9304
api/probe_fin_realization_day_2026-08-31.json,Ozon Seller API READ probe (smoke test),2026-08-31T15:44:53.886074+03:00,см. LOG.md Stage 1.5,8eb707150e298bfda4ad6e5367abfe803f8a9e3a1f6cca8525ff180868006a6f,n/a,79
api/probe_fin_realization_v2_2026-08-31.json,Ozon Seller API READ probe (smoke test),2026-08-31T15:44:53.353192+03:00,см. LOG.md Stage 1.5,f0ff0a9e24e4f350ccfee0edf71d577f1e73a9a7331a9ca751b2ec7870528eff,n/a,42841
api/probe_fin_transaction_v3_2026-08-31.json,Ozon Seller API READ probe (smoke test),2026-08-31T15:44:54.412986+03:00,см. LOG.md Stage 1.5,6fa5214b80e911944d41c4588bfe70e61ebde40325db0e042cf64845a8aec26b,n/a,3767
api/probe_posting_fbo_v3_2026-08-31.json,Ozon Seller API READ probe (smoke test),2026-08-31T15:45:01.907168+03:00,см. LOG.md Stage 1.5,54978c579da3b60db24c0f2fcf6cba4e3d9491fe65f4f8f2c57eb671683b3756,n/a,9059
api/probe_prices_v5_2026-08-31.json,Ozon Seller API READ probe (smoke test),2026-08-31T15:44:50.884668+03:00,см. LOG.md Stage 1.5,3098b7624a8acb8d050fa29246a8b0352b989f1901154beae42d50a0a017deef,5,22058
api/probe_returns_list_2026-08-31.json,Ozon Seller API READ probe (smoke test),2026-08-31T15:45:02.442904+03:00,см. LOG.md Stage 1.5,22c340f6abb797428e36fbc44457b681a526055b140353e79d407621e5a5d8a4,n/a,9117
api/s17_accrual_20260606.json,Stage 1.7 READ probe (Seller API / Performance API),2026-08-31T17:27:58.771582+03:00,см. LOG.md Stage 1.7,a86a7a19e8516aae6b6f7409e022b4f838d1514c2dda89c46905000f09c95c76,n/a,5850
api/s17_accrual_20260610.json,Stage 1.7 READ probe (Seller API / Performance API),2026-08-31T17:28:01.332993+03:00,см. LOG.md Stage 1.7,09fe925ffe9c76bc52ece84a0985296b6d6182228483ad5f0ebd7840979ef9d5,n/a,3552
api/s17_accrual_20260805.json,Stage 1.7 READ probe (Seller API / Performance API),2026-08-31T17:26:38.942982+03:00,см. LOG.md Stage 1.7,9a94a218cc00593022018d39d97d26bd61761d0d3726b3d1b7a6afc1fc2ba167,n/a,16230
api/s17_accrual_20260815.json,Stage 1.7 READ probe (Seller API / Performance API),2026-08-31T17:28:03.890067+03:00,см. LOG.md Stage 1.7,ee93b51a0876f306a7b1f1f10e93b227af0dd9473410fbaff5e129ec060bb0ad,n/a,11483
api/s17_accrual_20260817.json,Stage 1.7 READ probe (Seller API / Performance API),2026-08-31T17:26:33.682685+03:00,см. LOG.md Stage 1.7,22f0acfa715247d07970805ed69266efc3f20ed9e1919f058e3702edc5b22a9e,n/a,13778
api/s17_accrual_20260818.json,Stage 1.7 READ probe (Seller API / Performance API),2026-08-31T17:28:06.448275+03:00,см. LOG.md Stage 1.7,bf9eec805d0d50b9af486c1084b4d3ca13de0dc8184c9e84b166c187e9c23406,n/a,5745
api/s17_accrual_20260819.json,Stage 1.7 READ probe (Seller API / Performance API),2026-08-31T17:28:09.006099+03:00,см. LOG.md Stage 1.7,c02131c058524af7dfb45dea547d8c89be588f0dee9c0c63e33a528b36981414,n/a,11532
api/s17_accrual_20260820.json,Stage 1.7 READ probe (Seller API / Performance API),2026-08-31T17:26:36.341449+03:00,см. LOG.md Stage 1.7,316291f056661a30bd12ac085f0bfadb210d6ec7663e6820cc7c5dc44f935f6a,n/a,20029
api/s17_accrual_20260821.json,Stage 1.7 READ probe (Seller API / Performance API),2026-08-31T17:28:11.605272+03:00,см. LOG.md Stage 1.7,ba8de5f783544e68eba4064f6fb6c1443370a6b207239448f6cc900bba69db1d,n/a,23714
api/s17_accrual_20260822.json,Stage 1.7 READ probe (Seller API / Performance API),2026-08-31T17:28:14.167808+03:00,см. LOG.md Stage 1.7,b7124962ae562411fb32107f9c6cca1af1f842a284f5841fc25c4a96ba3d7b86,n/a,7703
api/s17_accrual_20260826.json,Stage 1.7 READ probe (Seller API / Performance API),2026-08-31T17:26:41.531978+03:00,см. LOG.md Stage 1.7,ab0793558b106add9753c3ddfa2ff6c86a369a79d5dc45cee8060bcc0535a3e6,n/a,10593
api/s17_accrual_20260828.json,Stage 1.7 READ probe (Seller API / Performance API),2026-08-31T17:26:31.084769+03:00,см. LOG.md Stage 1.7,9ed8a9936519941e35caaa5b4c55b8548a62c74f64f7a7b5f3cedacafe0073de,n/a,13848
api/s17_accrual_postings.json,Stage 1.7 READ probe (Seller API / Performance API),2026-08-31T17:30:15.365516+03:00,см. LOG.md Stage 1.7,d64430ab96a8d5c6f8c10cbd542a30ce975ffff0825f4ebeb3ca1be4cc615f2f,n/a,1517
api/s17_expense_all_20260805.csv,Stage 1.7 READ probe (Seller API / Performance API),2026-08-31T17:25:49.731096+03:00,см. LOG.md Stage 1.7,87a7b971df30a4783bc3a43d2331d11272efb1e9dab1136eac543869317ee448,12,1077
api/s17_expense_all_20260817.csv,Stage 1.7 READ probe (Seller API / Performance API),2026-08-31T17:25:44.554935+03:00,см. LOG.md Stage 1.7,707c198e2ba82feb0902a6ecb038599faefd241ae786dc8b6e6547badf99feaa,10,930
api/s17_expense_all_20260820.csv,Stage 1.7 READ probe (Seller API / Performance API),2026-08-31T17:25:47.159697+03:00,см. LOG.md Stage 1.7,f22a2dfab8d3110abafc4eb242b3fd347af7ee5dfe94ac629dd9013521c2117b,11,1006
api/s17_expense_all_20260826.csv,Stage 1.7 READ probe (Seller API / Performance API),2026-08-31T17:25:52.328158+03:00,см. LOG.md Stage 1.7,6a23c372b9c2639058ea55a9681afccf32ab1a708fed73bd038d070b22b153f1,11,994
api/s17_expense_all_20260828.csv,Stage 1.7 READ probe (Seller API / Performance API),2026-08-31T17:25:41.958456+03:00,см. LOG.md Stage 1.7,f951c2312f4c29a858fffe8c07cb65eab15d90383eff9356a1cd4974a54cdc2c,9,828
api/s17_posting_fbo_aug15_22.json,Stage 1.7 READ probe (Seller API / Performance API),2026-08-31T17:29:39.660858+03:00,см. LOG.md Stage 1.7,71ced762aeb1fa5014a7185791ff4693ec96250f44f94941b328e33df07b3ca0,n/a,96718
api/s32_cluster_list.json,Ozon Seller API READ (supply/inventory),2026-09-03T12:01:06.668799+03:00,snapshot 2026-09-03,705a8b72be9feda8e7d62fb06900f2ca6ebf0e8f9f0d83924a4967f27a91b285,n/a,94884
api/s32_stocks_by_wh_fbo.json,Ozon Seller API READ (supply/inventory),2026-09-03T12:01:41.859349+03:00,snapshot 2026-09-03,01e77db88d9fa4551c2994dbeaf1d9d80fb9f61598b1a2ccf4026eabb13d7d8f,n/a,31797
api/s32_supply_order_get.json,Ozon Seller API READ (supply/inventory),2026-09-03T12:02:14.439467+03:00,snapshot 2026-09-03,8103110d7ef583382379326b73495dab961e5c00f52bad988c52758e417e23fe,n/a,123583
api/s32_supply_order_list.json,Ozon Seller API READ (supply/inventory),2026-09-03T12:01:39.730114+03:00,snapshot 2026-09-03,5f328b4cd683ddd151d1db9d58c977b3be492701512f8b15ed9a71874a26436f,n/a,623
api/s32_supply_order_nofilt.json,Ozon Seller API READ (supply/inventory),2026-09-03T12:01:10.720164+03:00,snapshot 2026-09-03,2e8bf8d0f22b04c31557a85ac3cff0ba3b46eeeaea237570b3d62f071f56361f,n/a,220
api/s32a_live_stocks.json,Ozon Seller API READ (supply/inventory),2026-09-03T12:16:11.408620+03:00,snapshot 2026-09-03,076ed99e4a058558473ccd0acb0fd2e965bdcd6234fbe2cec7ea38625e40bb32,n/a,162751
api/s32a_supply_bundles.json,Ozon Seller API READ (supply/inventory),2026-09-03T12:21:47.741853+03:00,snapshot 2026-09-03,02964c1eda4dfee3dd5f7eb3aa62795f4b92d734dde1f9451a09274a57cf8080,n/a,391878
api/s32a_supply_order_ids.json,Ozon Seller API READ (supply/inventory),2026-09-03T12:16:13.980895+03:00,snapshot 2026-09-03,b6aadb83edb49b42e6f78b6677172969619992efd46ccb043b8c9ec2c5bc7cc4,n/a,695
api/s32a_supply_orders_full.json,Ozon Seller API READ (supply/inventory),2026-09-03T12:16:21.934382+03:00,snapshot 2026-09-03,420ce4ce3ec20a6ac59f778a9670b9ef34390625bd7ad0350fe322a9086a6fa6,n/a,151700
api/seller_api_product_info_2026-08-30.json,Ozon Seller API POST /v3/product/info/list (READ),2026-08-30T21:24:28.159816+03:00,snapshot 2026-08-30,7e0ecf1b4a70942b8aa50071a1630c9a11a7c56e91ee3aaeb7f9c5d463e8ba57,20,59844
api/seller_api_product_list_2026-08-30.json,Ozon Seller API POST /v3/product/list (READ),2026-08-30T21:24:27.318314+03:00,snapshot 2026-08-30,03474925a7edb3d2c53407abc1ce9d049d360e41678dc37adf280e9a27874738,20,3321
backfill_v1/catalog/product_info.json,Ozon Seller API /v3/product/* (READ),2026-08-31T18:03:04.638964+03:00,2026-06-01..2026-08-31,e4e1d7f2242b49784e2d9d4c9089d9e4b90022a79be003b6b7761ab137ea59be,n/a,63580
backfill_v1/catalog/product_list.json,Ozon Seller API /v3/product/* (READ),2026-08-31T18:03:01.934933+03:00,2026-06-01..2026-08-31,3391a01a79c0c52d39fb07f9ae265d0cd0c13f96b81531bbf06b6bdb1d2a2c29,n/a,3676
backfill_v1/finance/accrual_by_day_20260601.json,Ozon Seller API /v1/finance/* (READ),2026-08-31T18:04:20.602733+03:00,2026-06-01..2026-08-31,fb672ff7c703bdf1a754ab16da6bf3d92fc0de543caa533eaad0875198d96832,n/a,4850
backfill_v1/finance/accrual_by_day_20260602.json,Ozon Seller API /v1/finance/* (READ),2026-08-31T18:04:23.188266+03:00,2026-06-01..2026-08-31,8ae2fb523f501c3ca70b80576079122a25e35a02c36135195169c75a1a772b89,n/a,3625
backfill_v1/finance/accrual_by_day_20260603.json,Ozon Seller API /v1/finance/* (READ),2026-08-31T18:04:25.748605+03:00,2026-06-01..2026-08-31,054840061fc3bb27fc8294bea3bcd155d14d67d495f4546c47142f192ea63195,n/a,3266
backfill_v1/finance/accrual_by_day_20260604.json,Ozon Seller API /v1/finance/* (READ),2026-08-31T18:04:28.351604+03:00,2026-06-01..2026-08-31,3843845e78d7bfa021416e7982596bde62082bcf5e242fbb173c321b69866ef2,n/a,9429
backfill_v1/finance/accrual_by_day_20260605.json,Ozon Seller API /v1/finance/* (READ),2026-08-31T18:04:30.952483+03:00,2026-06-01..2026-08-31,be26f61fe8c85c8927a1dca78452f6d923a4098abee9bbb4532bc829b8d0d1b9,n/a,2927
backfill_v1/finance/accrual_by_day_20260606.json,Ozon Seller API /v1/finance/* (READ),2026-08-31T18:04:33.542618+03:00,2026-06-01..2026-08-31,e5d551db17d4b9f6922477ea359b1d7e3f871b96590e899744b8cfb3046da3cf,n/a,5847
backfill_v1/finance/accrual_by_day_20260607.json,Ozon Seller API /v1/finance/* (READ),2026-08-31T18:04:39.677906+03:00,2026-06-01..2026-08-31,8577d4eed481f25f8368c4ed8eb811fbe78d07322b11c434d4b774a4fee8cd90,n/a,2311
backfill_v1/finance/accrual_by_day_20260608.json,Ozon Seller API /v1/finance/* (READ),2026-08-31T18:04:42.266114+03:00,2026-06-01..2026-08-31,934e67ac39461d5d3b673739408e8efbe9fca5c409b5332ad06952b6192e36aa,n/a,6244
backfill_v1/finance/accrual_by_day_20260609.json,Ozon Seller API /v1/finance/* (READ),2026-08-31T18:04:44.863350+03:00,2026-06-01..2026-08-31,1d3b6882739a8a37549193d9398758616299e60851c8df5485805068098b12d6,n/a,6876
backfill_v1/finance/accrual_by_day_20260610.json,Ozon Seller API /v1/finance/* (READ),2026-08-31T18:04:47.404508+03:00,2026-06-01..2026-08-31,c9c051071b7771b04b1e5c95fa84f37d849da2ff56b3f2f8c7269e2c1ff049b8,n/a,3549
backfill_v1/finance/accrual_by_day_20260611.json,Ozon Seller API /v1/finance/* (READ),2026-08-31T18:04:49.981038+03:00,2026-06-01..2026-08-31,f781eaa6aa71576e47a9c8c9c6590a737c05d94090a353464c84b032fa0c707e,n/a,5577
backfill_v1/finance/accrual_by_day_20260612.json,Ozon Seller API /v1/finance/* (READ),2026-08-31T18:04:52.527104+03:00,2026-06-01..2026-08-31,351069fb59fc88485779d73193bc7f82343af04be9ccedad82642340ceae178c,n/a,4922
backfill_v1/finance/accrual_by_day_20260613.json,Ozon Seller API /v1/finance/* (READ),2026-08-31T18:04:55.070826+03:00,2026-06-01..2026-08-31,83320a336b336522ee4553ce6c93a3ee8e1c483437dd0cc98c20ffe5d33d400d,n/a,1605
backfill_v1/finance/accrual_by_day_20260614.json,Ozon Seller API /v1/finance/* (READ),2026-08-31T18:04:57.632019+03:00,2026-06-01..2026-08-31,20f8f393ac7950aa0a6f8732e778e6b880753200450a35814e0d669fe35273e9,n/a,2315
backfill_v1/finance/accrual_by_day_20260615.json,Ozon Seller API /v1/finance/* (READ),2026-08-31T18:05:00.217401+03:00,2026-06-01..2026-08-31,77b056a740e8be9d881a0c2bd02a9a6b972a15a8b12f25b470eb3e19123839db,n/a,8508
backfill_v1/finance/accrual_by_day_20260616.json,Ozon Seller API /v1/finance/* (READ),2026-08-31T18:05:02.780918+03:00,2026-06-01..2026-08-31,c4d803496169b5e3fe6571a6c692d5c8fe9996a782af86943836bada09a19108,n/a,6513
backfill_v1/finance/accrual_by_day_20260617.json,Ozon Seller API /v1/finance/* (READ),2026-08-31T18:05:05.342595+03:00,2026-06-01..2026-08-31,354a995e4c781ba8b7b3025f766b59fcfd431cc0f7bb54c5b425876217333cae,n/a,4266
backfill_v1/finance/accrual_by_day_20260618.json,Ozon Seller API /v1/finance/* (READ),2026-08-31T18:05:07.941933+03:00,2026-06-01..2026-08-31,4a109a14ae1a8fb4533b325f8a037075fc601d35ff8c14b7a32f54b91e738429,n/a,2583
backfill_v1/finance/accrual_by_day_20260619.json,Ozon Seller API /v1/finance/* (READ),2026-08-31T18:05:10.556259+03:00,2026-06-01..2026-08-31,88237e0a4b81a7f728cb5b8afadcde69a7dca9429675be5a2d8c2b8ec3e59aec,n/a,2574
backfill_v1/finance/accrual_by_day_20260620.json,Ozon Seller API /v1/finance/* (READ),2026-08-31T18:05:13.124922+03:00,2026-06-01..2026-08-31,eaa9419803961b68269a9f8f4f20ab58913e9c035e32f90142c703ddb26cf33f,n/a,4188
backfill_v1/finance/accrual_by_day_20260621.json,Ozon Seller API /v1/finance/* (READ),2026-08-31T18:05:15.672081+03:00,2026-06-01..2026-08-31,96e649176dfa566490343768a48ef6f443c16a574a0be7dab09b45947c50a669,n/a,1603
backfill_v1/finance/accrual_by_day_20260622.json,Ozon Seller API /v1/finance/* (READ),2026-08-31T18:05:18.228525+03:00,2026-06-01..2026-08-31,da8dcf2a9cd4083f45f82938ed469519cd3a812159951d0ebeef567787bb8b14,n/a,2585
backfill_v1/finance/accrual_by_day_20260623.json,Ozon Seller API /v1/finance/* (READ),2026-08-31T18:05:20.758865+03:00,2026-06-01..2026-08-31,156269caf9730cfd20574148a110242f4a74d9902a637b699a18e6e16602912d,n/a,1318
backfill_v1/finance/accrual_by_day_20260624.json,Ozon Seller API /v1/finance/* (READ),2026-08-31T18:05:23.322698+03:00,2026-06-01..2026-08-31,728dfba8650120d601c093b863efa16f829b47d26cf0fdf68c78c06a4cf28819,n/a,2959
backfill_v1/finance/accrual_by_day_20260625.json,Ozon Seller API /v1/finance/* (READ),2026-08-31T18:05:25.883862+03:00,2026-06-01..2026-08-31,4be39c761a8cba678e315144a8b9006b1494eaeabdae0190522b1c7d12b8aab6,n/a,5534
backfill_v1/finance/accrual_by_day_20260626.json,Ozon Seller API /v1/finance/* (READ),2026-08-31T18:05:28.424695+03:00,2026-06-01..2026-08-31,8f3acb606350319e5c5e8171e844e9bad9284457c1da4b163de311fb07b1dee8,n/a,2062
backfill_v1/finance/accrual_by_day_20260627.json,Ozon Seller API /v1/finance/* (READ),2026-08-31T18:05:30.986677+03:00,2026-06-01..2026-08-31,694dfa7ef82600c82b0912129a391c68000f6c8163ced0d21979e23b4894029f,n/a,1314
backfill_v1/finance/accrual_by_day_20260628.json,Ozon Seller API /v1/finance/* (READ),2026-08-31T18:05:33.550949+03:00,2026-06-01..2026-08-31,dd84594b0817dd49430b7fb3e718a3d527c1b5fce03091b1be4d6d9d2aa635fc,n/a,5326
backfill_v1/finance/accrual_by_day_20260629.json,Ozon Seller API /v1/finance/* (READ),2026-08-31T18:05:36.130104+03:00,2026-06-01..2026-08-31,14ae304f9912322ec175dbcdd08cb85b650a401cfc95440c82b02c03c2016ee5,n/a,7029
backfill_v1/finance/accrual_by_day_20260630.json,Ozon Seller API /v1/finance/* (READ),2026-08-31T18:05:38.696041+03:00,2026-06-01..2026-08-31,d78591956c338125a3b914751c33140f9e4de4fa28ff43e14c488d80ec780504,n/a,5333
backfill_v1/finance/accrual_by_day_20260701.json,Ozon Seller API /v1/finance/* (READ),2026-08-31T18:05:41.259925+03:00,2026-06-01..2026-08-31,aaee9311b65ce5dc05620a640a4213b80a9c83906107ab6414e84f905c92586e,n/a,3043
backfill_v1/finance/accrual_by_day_20260702.json,Ozon Seller API /v1/finance/* (READ),2026-08-31T18:05:43.820862+03:00,2026-06-01..2026-08-31,8b2f773861be2538a0da09e44ff92cac428d567ea910dbe793aae066c85e469c,n/a,3323
backfill_v1/finance/accrual_by_day_20260703.json,Ozon Seller API /v1/finance/* (READ),2026-08-31T18:05:46.377814+03:00,2026-06-01..2026-08-31,cf1fc6853fa52cfe1be85b03f1b1f1a81e60ef0e5b4d5f34902b4c609cc1126a,n/a,4581
backfill_v1/finance/accrual_by_day_20260704.json,Ozon Seller API /v1/finance/* (READ),2026-08-31T18:05:48.943796+03:00,2026-06-01..2026-08-31,37455da572585a494f07df59e1a64732e6cb6c58b7e00cacfb9577451ebd93a1,n/a,5840
backfill_v1/finance/accrual_by_day_20260705.json,Ozon Seller API /v1/finance/* (READ),2026-08-31T18:05:51.506673+03:00,2026-06-01..2026-08-31,3de4c4b21dddd9425b5cfad173d58d90b54213593c64a9e09aed8dbedf0ef79b,n/a,6680
backfill_v1/finance/accrual_by_day_20260706.json,Ozon Seller API /v1/finance/* (READ),2026-08-31T18:05:54.067997+03:00,2026-06-01..2026-08-31,63dd669ccfdfe841b7e52470c3477ce7f838b55e0add067841850fdd864636c5,n/a,4958
backfill_v1/finance/accrual_by_day_20260707.json,Ozon Seller API /v1/finance/* (READ),2026-08-31T18:05:56.634824+03:00,2026-06-01..2026-08-31,81fc96b7bafde34f9a43152b12d7e00d360b92864669367f4173b3647ed60050,n/a,5658
backfill_v1/finance/accrual_by_day_20260708.json,Ozon Seller API /v1/finance/* (READ),2026-08-31T18:05:59.216616+03:00,2026-06-01..2026-08-31,b88501b19c991e548bfbcdba5a14783eb7e5d8d556dd7b7e7486a76d006b8aac,n/a,2695
backfill_v1/finance/accrual_by_day_20260709.json,Ozon Seller API /v1/finance/* (READ),2026-08-31T18:06:05.557675+03:00,2026-06-01..2026-08-31,c98fedf3b8a8d502cd836c5c8b5fdcc04804eab7790744a592dbb94d805081f0,n/a,4026
backfill_v1/finance/accrual_by_day_20260710.json,Ozon Seller API /v1/finance/* (READ),2026-08-31T18:06:08.117828+03:00,2026-06-01..2026-08-31,a1706400036249bd155a4619331d6a141749ffaa779eba5104ed30d596014a5b,n/a,2915
backfill_v1/finance/accrual_by_day_20260711.json,Ozon Seller API /v1/finance/* (READ),2026-08-31T18:06:10.712877+03:00,2026-06-01..2026-08-31,16110110aaf7e56dd8dfc45b55ce7280189ba3d739f3df1791a2bcbef8bb4b80,n/a,6465
backfill_v1/finance/accrual_by_day_20260712.json,Ozon Seller API /v1/finance/* (READ),2026-08-31T18:06:13.276518+03:00,2026-06-01..2026-08-31,d61471a7a0c15f5fabc46e7e75e8b05bce03bc5bc7e09111e169471248a80f81,n/a,4552
backfill_v1/finance/accrual_by_day_20260713.json,Ozon Seller API /v1/finance/* (READ),2026-08-31T18:06:15.816184+03:00,2026-06-01..2026-08-31,80900666e17b0a60592bb2af1d6e939f665bfd40dacfd22ff8b89d8388873191,n/a,3879
backfill_v1/finance/accrual_by_day_20260714.json,Ozon Seller API /v1/finance/* (READ),2026-08-31T18:06:18.384236+03:00,2026-06-01..2026-08-31,114b6c67f57513c1d7de4a8563833eb11b2154b4e55fbc48ebbf312c8f33628c,n/a,8224
backfill_v1/finance/accrual_by_day_20260715.json,Ozon Seller API /v1/finance/* (READ),2026-08-31T18:06:20.950013+03:00,2026-06-01..2026-08-31,6975623e5652fd6af4bd364c9c67dfacc2fef4171c85d85cc23d6ea7fdb6b36b,n/a,4423
backfill_v1/finance/accrual_by_day_20260716.json,Ozon Seller API /v1/finance/* (READ),2026-08-31T18:06:23.513321+03:00,2026-06-01..2026-08-31,eb25b6198286b0ac35185ececf5a2c2fe7f70a112f3eba3a13a88c12ee842d06,n/a,3239
backfill_v1/finance/accrual_by_day_20260717.json,Ozon Seller API /v1/finance/* (READ),2026-08-31T18:06:26.094346+03:00,2026-06-01..2026-08-31,5d5712b0859d8237d19334635f7af42049cbc87e4dd7e7bb71c44e1d2e28d14b,n/a,3552
backfill_v1/finance/accrual_by_day_20260718.json,Ozon Seller API /v1/finance/* (READ),2026-08-31T18:06:28.674115+03:00,2026-06-01..2026-08-31,69f77a929a9a5c0d7b1822a3991061a98667172a8b380ecc534f4790c464b961,n/a,8210
backfill_v1/finance/accrual_by_day_20260719.json,Ozon Seller API /v1/finance/* (READ),2026-08-31T18:06:31.369138+03:00,2026-06-01..2026-08-31,55ff55ed180d6f6c8a77a14f10b672b41cbd0f7c44a958514fd2e32c5816a6a9,n/a,9253
backfill_v1/finance/accrual_by_day_20260720.json,Ozon Seller API /v1/finance/* (READ),2026-08-31T18:06:34.012890+03:00,2026-06-01..2026-08-31,2dd33fe9954fad2f2adecc5cee88d45164ca0d6fb756ca4b65b670bbee0ffa48,n/a,14189
backfill_v1/finance/accrual_by_day_20260721.json,Ozon Seller API /v1/finance/* (READ),2026-08-31T18:06:36.597266+03:00,2026-06-01..2026-08-31,a749533e12856da0a78ec408153badba4dc27a007587f68f6a28a3e0213de8b6,n/a,6259
backfill_v1/finance/accrual_by_day_20260722.json,Ozon Seller API /v1/finance/* (READ),2026-08-31T18:06:39.221680+03:00,2026-06-01..2026-08-31,aab1e1c9ae454265f7e7d08e4bb6b6322f8749130568910e124e1f20636f7309,n/a,5801
backfill_v1/finance/accrual_by_day_20260723.json,Ozon Seller API /v1/finance/* (READ),2026-08-31T18:06:41.793290+03:00,2026-06-01..2026-08-31,257ace37feb971c7e01d960419a286360f2356f5b21954ddd6c22f8f7a82ab0f,n/a,7845
backfill_v1/finance/accrual_by_day_20260724.json,Ozon Seller API /v1/finance/* (READ),2026-08-31T18:06:44.350703+03:00,2026-06-01..2026-08-31,b2c12cc22d647a21e066d340a6d4431c82fc6450bb37b64c3eaa99b50cd8133f,n/a,4208
backfill_v1/finance/accrual_by_day_20260725.json,Ozon Seller API /v1/finance/* (READ),2026-08-31T18:06:46.905422+03:00,2026-06-01..2026-08-31,8d44de03258b8a567188c9334696fac4281792f40d3cf3054d2d247b40414168,n/a,3844
backfill_v1/finance/accrual_by_day_20260726.json,Ozon Seller API /v1/finance/* (READ),2026-08-31T18:06:49.472479+03:00,2026-06-01..2026-08-31,57cf4abbfeeb42c0ab84137bf70c4cbe5662279ea6cda25a3f9c3c66cbcabae8,n/a,5895
backfill_v1/finance/accrual_by_day_20260727.json,Ozon Seller API /v1/finance/* (READ),2026-08-31T18:06:52.051956+03:00,2026-06-01..2026-08-31,6f4a073210431060b3b2bfe0dd6397afb3b9dd58d141596575edf99230d1160e,n/a,5556
backfill_v1/finance/accrual_by_day_20260728.json,Ozon Seller API /v1/finance/* (READ),2026-08-31T18:06:54.615668+03:00,2026-06-01..2026-08-31,cf7b59db537ae47e83bf02a00593fe526fd1178402cfa0c154c8571bcdc69ab5,n/a,6523
backfill_v1/finance/accrual_by_day_20260729.json,Ozon Seller API /v1/finance/* (READ),2026-08-31T18:06:57.232790+03:00,2026-06-01..2026-08-31,54694966dfe1cdb6f6f6188abd6337991fd3f018bff3861f4011b6691fe831e9,n/a,6277
backfill_v1/finance/accrual_by_day_20260730.json,Ozon Seller API /v1/finance/* (READ),2026-08-31T18:06:59.798526+03:00,2026-06-01..2026-08-31,2dde6d09d518aa279940f22563fc811f306c7183949285fe1dcb02af93aa5dd4,n/a,11274
backfill_v1/finance/accrual_by_day_20260731.json,Ozon Seller API /v1/finance/* (READ),2026-08-31T18:07:02.359137+03:00,2026-06-01..2026-08-31,45cc1de4d5845b6dda29931d99fb9f639b896facc5107ebe213961ea1cf5c0ed,n/a,9648
backfill_v1/finance/accrual_by_day_20260801.json,Ozon Seller API /v1/finance/* (READ),2026-08-31T18:07:04.917634+03:00,2026-06-01..2026-08-31,787ba050c6a32ecefda60415ff4976c3f249b6dbac9dd69331923d4b33082681,n/a,9700
backfill_v1/finance/accrual_by_day_20260802.json,Ozon Seller API /v1/finance/* (READ),2026-08-31T18:07:07.506654+03:00,2026-06-01..2026-08-31,d653ead0222d8dfc5e5733a14e24b6e88fe111955bdad9ef714101d75066a4eb,n/a,9507
backfill_v1/finance/accrual_by_day_20260803.json,Ozon Seller API /v1/finance/* (READ),2026-08-31T18:07:10.067778+03:00,2026-06-01..2026-08-31,02635e5642648881baa0640551cf9c25799f9dc6a3818aac8d30d823f846c7e7,n/a,6485
backfill_v1/finance/accrual_by_day_20260804.json,Ozon Seller API /v1/finance/* (READ),2026-08-31T18:07:12.664022+03:00,2026-06-01..2026-08-31,39ae876f69accc739b5499d15a17bb2dd645bd061431941ea7a30a7365d78187,n/a,12060
backfill_v1/finance/accrual_by_day_20260805.json,Ozon Seller API /v1/finance/* (READ),2026-08-31T18:07:15.374156+03:00,2026-06-01..2026-08-31,aa447fc1bfcc28cbba07f0013ff9ef9d98f64594794128826e8b0e4e961008ca,n/a,16227
backfill_v1/finance/accrual_by_day_20260806.json,Ozon Seller API /v1/finance/* (READ),2026-08-31T18:07:17.969195+03:00,2026-06-01..2026-08-31,e04bd664f795af76aec981e6c086511c8108776b4bc1bb88c81bfd0209d1e798,n/a,11737
backfill_v1/finance/accrual_by_day_20260807.json,Ozon Seller API /v1/finance/* (READ),2026-08-31T18:07:20.545268+03:00,2026-06-01..2026-08-31,1231fc0706cbe908024bf9be85cd5712f7a03478de54ae63fa227a4d14208798,n/a,7860
backfill_v1/finance/accrual_by_day_20260808.json,Ozon Seller API /v1/finance/* (READ),2026-08-31T18:07:23.177711+03:00,2026-06-01..2026-08-31,8e55719560f3025d17f5fe8a81b4249fee843b388d9e174b34a29da345de3e21,n/a,22159
backfill_v1/finance/accrual_by_day_20260809.json,Ozon Seller API /v1/finance/* (READ),2026-08-31T18:07:26.574046+03:00,2026-06-01..2026-08-31,48c7ad603643710ee79bbb828ea4e3e503a663edb2525c2ab6be950fb696a792,n/a,11109
backfill_v1/finance/accrual_by_day_20260810.json,Ozon Seller API /v1/finance/* (READ),2026-08-31T18:07:29.166236+03:00,2026-06-01..2026-08-31,c5e88acadf978f4de0b0be7ab569d3220f51186b62defb763b7084a0edf215fd,n/a,15408
backfill_v1/finance/accrual_by_day_20260811.json,Ozon Seller API /v1/finance/* (READ),2026-08-31T18:07:31.761959+03:00,2026-06-01..2026-08-31,ef4f36aceb47ad7920d3230bc162f892781a6d881c934e88cdc280af4fc622af,n/a,10705
backfill_v1/finance/accrual_by_day_20260812.json,Ozon Seller API /v1/finance/* (READ),2026-08-31T18:07:34.645674+03:00,2026-06-01..2026-08-31,62f6b159a73cc318af584d5786e5c36a77339fb5b1fbd1149ca193edaa82972e,n/a,10161
backfill_v1/finance/accrual_by_day_20260813.json,Ozon Seller API /v1/finance/* (READ),2026-08-31T18:07:37.222596+03:00,2026-06-01..2026-08-31,d1817c39187d22d25e511bdfc12e7968402823d8fc258811b45dcd11e21c75af,n/a,5155
backfill_v1/finance/accrual_by_day_20260814.json,Ozon Seller API /v1/finance/* (READ),2026-08-31T18:07:39.795857+03:00,2026-06-01..2026-08-31,5595d920ff961090acd061a003a8fe410bafa6c320c94eb22d0c36d97840e524,n/a,11422
backfill_v1/finance/accrual_by_day_20260815.json,Ozon Seller API /v1/finance/* (READ),2026-08-31T18:07:42.456882+03:00,2026-06-01..2026-08-31,9a788ff12a8f4a9b26b5d2597c2e29769618b5c3da11f94b0e89fe53ae7b6b8c,n/a,11480
backfill_v1/finance/accrual_by_day_20260816.json,Ozon Seller API /v1/finance/* (READ),2026-08-31T18:07:45.039512+03:00,2026-06-01..2026-08-31,661530f6237d953b78e4b17ca5c850acd1ebe9d0e5872545a1280761eceff76a,n/a,6824
backfill_v1/finance/accrual_by_day_20260817.json,Ozon Seller API /v1/finance/* (READ),2026-08-31T18:07:47.644155+03:00,2026-06-01..2026-08-31,05b89a96ad28d11c9b4500980f01e9a5681aa9c3b2fed578e37053741fa5eb65,n/a,13775
backfill_v1/finance/accrual_by_day_20260818.json,Ozon Seller API /v1/finance/* (READ),2026-08-31T18:07:50.241848+03:00,2026-06-01..2026-08-31,a0b37aa221ef4157038fdae211746386ecc9b000b300d3c8fccdc597ce9692fd,n/a,5742
backfill_v1/finance/accrual_by_day_20260819.json,Ozon Seller API /v1/finance/* (READ),2026-08-31T18:07:52.818014+03:00,2026-06-01..2026-08-31,114dec0fd8238606d031d92b9672c5fc64115ca51fa7873aec4b9f5ee423b7b5,n/a,11529
backfill_v1/finance/accrual_by_day_20260820.json,Ozon Seller API /v1/finance/* (READ),2026-08-31T18:07:55.442047+03:00,2026-06-01..2026-08-31,0ce29edf439e34d7e25a0a44194486446bc7b37166abed2d2da4a99932868616,n/a,20026
backfill_v1/finance/accrual_by_day_20260821.json,Ozon Seller API /v1/finance/* (READ),2026-08-31T18:07:58.080514+03:00,2026-06-01..2026-08-31,9113f3be2a563bb3c8e40b9d1761947fb565d7f8a6a4ab18003076dd7c0de5d3,n/a,23711
backfill_v1/finance/accrual_by_day_20260822.json,Ozon Seller API /v1/finance/* (READ),2026-08-31T18:08:00.642362+03:00,2026-06-01..2026-08-31,a6de876965f33f660e81cd2945db27694af76a8a09ee825e700d67164b156f97,n/a,7700
backfill_v1/finance/accrual_by_day_20260823.json,Ozon Seller API /v1/finance/* (READ),2026-08-31T18:08:03.222059+03:00,2026-06-01..2026-08-31,745955ccb4da4836086dc2c0b17cdbfa659bd040cf69858aedb3e39c4509c4f8,n/a,8733
backfill_v1/finance/accrual_by_day_20260824.json,Ozon Seller API /v1/finance/* (READ),2026-08-31T18:08:05.817096+03:00,2026-06-01..2026-08-31,488ae1210115c59747f376f7f5558d3804dc968bdff068a329093e8675c73a6c,n/a,10394
backfill_v1/finance/accrual_by_day_20260825.json,Ozon Seller API /v1/finance/* (READ),2026-08-31T18:08:08.409594+03:00,2026-06-01..2026-08-31,60f881aee2a601ac838d7bc3f53851ae7657cb94309748119a41b9a1d84c2180,n/a,12265
backfill_v1/finance/accrual_by_day_20260826.json,Ozon Seller API /v1/finance/* (READ),2026-08-31T18:08:11.004511+03:00,2026-06-01..2026-08-31,0c50c4f87d3ac4ba9c17e74918d9e3ab64d742c23ed97668e76be84d17a5a5da,n/a,10590
backfill_v1/finance/accrual_by_day_20260827.json,Ozon Seller API /v1/finance/* (READ),2026-08-31T18:08:13.594101+03:00,2026-06-01..2026-08-31,98692e0aa610b61eb0abb87637865157f6b617285e008f9af0ca208b3c375f83,n/a,7803
backfill_v1/finance/accrual_by_day_20260828.json,Ozon Seller API /v1/finance/* (READ),2026-08-31T18:08:16.189330+03:00,2026-06-01..2026-08-31,b3635603bb51ef4b50af62a6038345377d28fbc7099a2ca05d84f4d563f91a36,n/a,13845
backfill_v1/finance/accrual_by_day_20260829.json,Ozon Seller API /v1/finance/* (READ),2026-08-31T18:08:18.782883+03:00,2026-06-01..2026-08-31,a944b3d2b081bf5047cc85ee7732e769bdd92319e9f04ffa0f6c81aa0a0624f2,n/a,12759
backfill_v1/finance/accrual_by_day_20260830.json,Ozon Seller API /v1/finance/* (READ),2026-08-31T18:08:21.395494+03:00,2026-06-01..2026-08-31,de528276e3e7754c7beb2efdd2d6b0dd2279771a881afe68e0873ec946d7b488,n/a,8544
backfill_v1/finance/accrual_by_day_20260831.json,Ozon Seller API /v1/finance/* (READ),2026-08-31T18:08:23.951048+03:00,2026-06-01..2026-08-31,a8dd16aa2c55f4130edc5b7f1d29848aee7bedc541d2379111165f9f1e4c563b,n/a,2756
backfill_v1/finance/accrual_types.json,Ozon Seller API /v1/finance/* (READ),2026-08-31T18:04:00.704826+03:00,2026-06-01..2026-08-31,1bf25e8b887ecf45e1c6cf0950723b9db4318ef3a94560d1c9a7cfb84c2313c2,n/a,13890
backfill_v1/finance/cash_flow_202606.json,Ozon Seller API /v1/finance/* (READ),2026-08-31T18:04:12.413730+03:00,2026-06-01..2026-08-31,995309d428e3d943b4c4a296449ff5ef34ae41a876e6ba0df7f495b28a4b6e60,n/a,9361
backfill_v1/finance/cash_flow_202607.json,Ozon Seller API /v1/finance/* (READ),2026-08-31T18:04:15.189437+03:00,2026-06-01..2026-08-31,67fe1013de003bc7b7f25b080580d1e2dcf53f4f882d801c5b4f13185f0aed97,n/a,10787
backfill_v1/finance/cash_flow_202608.json,Ozon Seller API /v1/finance/* (READ),2026-08-31T18:04:18.044872+03:00,2026-06-01..2026-08-31,b1b13456dde21a80f2dbf628d7f854c645471eedf93623feb6cd2bc97bc8cabc,n/a,12916
backfill_v1/finance/realization_202606.json,Ozon Seller API /v1/finance/* (READ),2026-08-31T18:04:04.394317+03:00,2026-06-01..2026-08-31,372b9f08797454116accf0be69fab551c802129f3c0e30683a7e616412e5e9cd,n/a,28781
backfill_v1/finance/realization_202607.json,Ozon Seller API /v1/finance/* (READ),2026-08-31T18:04:07.106317+03:00,2026-06-01..2026-08-31,f3b1cefd7b9e3e6c2b966edab3afd3c6b21b2824c44021f5408155e419c2e4d0,n/a,45539
backfill_v1/finance/realization_202608.json,Ozon Seller API /v1/finance/* (READ),2026-08-31T18:04:09.663001+03:00,2026-06-01..2026-08-31,2b22d729576cbfce5eb27729a2f1dee43bfe977e9d1c43b86eb89649b09dfcbc,n/a,93
backfill_v1/performance/campaigns_snapshot.json,Ozon Performance API (READ),2026-08-31T18:02:56.249280+03:00,2026-06-01..2026-08-31,0896056d55c97373a625635f697a5cc35d71e5a335ea92f020d9a1a3192e92ca,n/a,67115
backfill_v1/performance/daily_202606.csv,Ozon Performance API (READ),2026-08-31T18:03:28.587878+03:00,2026-06-01..2026-08-31,e85cb20fbfbf0706d60e75f4c1135dbfd89a51491e7f4f5c084b1a81d409dd94,137,10559
backfill_v1/performance/daily_202607.csv,Ozon Performance API (READ),2026-08-31T18:03:31.253028+03:00,2026-06-01..2026-08-31,14f3008d4d9503fab53c913f3add9de563d4956d7e090ec35e6183a256383197,234,19180
backfill_v1/performance/daily_202608.csv,Ozon Performance API (READ),2026-08-31T18:03:33.948451+03:00,2026-06-01..2026-08-31,6df6b4f31fba7377645087cf4d46937d8572bab2f250de346a9ad50c29a0cd95,321,26996
backfill_v1/performance/expense_20260601.csv,Ozon Performance API (READ),2026-08-31T18:03:36.535296+03:00,2026-06-01..2026-08-31,9e63fffc17dcd3715f49da8b6db6d28163805bf5ad46356b0610d40957561379,4,397
backfill_v1/performance/expense_20260602.csv,Ozon Performance API (READ),2026-08-31T18:03:39.119542+03:00,2026-06-01..2026-08-31,0a4e989f5d32ba5672de54883bdd0ceedef3588e4ed8c7f2292565ff4e5c262e,4,397
backfill_v1/performance/expense_20260603.csv,Ozon Performance API (READ),2026-08-31T18:03:41.704659+03:00,2026-06-01..2026-08-31,571822f4e787638b65aa33ec911a6804d11937433bf9c2bda53b15a91933b10c,4,397
backfill_v1/performance/expense_20260604.csv,Ozon Performance API (READ),2026-08-31T18:03:44.294761+03:00,2026-06-01..2026-08-31,4012317597ececcb6d4d0768cdb879d4d8a3c2b9d06747eca67a28ad45593320,4,396
backfill_v1/performance/expense_20260605.csv,Ozon Performance API (READ),2026-08-31T18:03:46.879411+03:00,2026-06-01..2026-08-31,8182fcb5d01745ebfe9a9663ced6eded4b286e6c1f46f77cca4fc30c278f08a4,4,397
backfill_v1/performance/expense_20260606.csv,Ozon Performance API (READ),2026-08-31T18:03:49.481108+03:00,2026-06-01..2026-08-31,3591af5c039360bed8686c06e060c7f1f5057a809c72e7f1bbfe37285181c6c5,4,399
backfill_v1/performance/expense_20260607.csv,Ozon Performance API (READ),2026-08-31T18:03:52.082497+03:00,2026-06-01..2026-08-31,976b5d88ab29b5a56a67866bb46f469bf3d9660eedff3878fba10a9c3f8ba385,4,399
backfill_v1/performance/expense_20260608.csv,Ozon Performance API (READ),2026-08-31T18:03:54.687046+03:00,2026-06-01..2026-08-31,48da6d7307c41742a39c1ec70fbff546ce7f748ca3a85d7f5d551c40af010ee3,5,497
backfill_v1/performance/expense_20260609.csv,Ozon Performance API (READ),2026-08-31T18:03:57.270546+03:00,2026-06-01..2026-08-31,5c026c44306802a5090c7a3b4d6dd1a2ec3d09b18d53e86452d90ed7e7b15e02,5,498
backfill_v1/performance/expense_20260610.csv,Ozon Performance API (READ),2026-08-31T18:03:59.878891+03:00,2026-06-01..2026-08-31,a7fe5f0947a03379d4f69a5228cea70d809fe38b78c7dbc444c8bc679e0e7119,4,399
backfill_v1/performance/expense_20260611.csv,Ozon Performance API (READ),2026-08-31T18:04:02.460281+03:00,2026-06-01..2026-08-31,ac930829919fafca38c19571cc6ab394a06dd94ad11d82857c797f27da1d50ca,4,398
backfill_v1/performance/expense_20260612.csv,Ozon Performance API (READ),2026-08-31T18:04:05.072649+03:00,2026-06-01..2026-08-31,0ad49dae12de378aaaab78d898fad8b9be905fd6f10075a8d22d28bab6a4043e,5,497
backfill_v1/performance/expense_20260613.csv,Ozon Performance API (READ),2026-08-31T18:04:07.656936+03:00,2026-06-01..2026-08-31,4c976df631797b63ecc8e0bc4084dfa2f16384c9c13685c62052b869de51aaba,4,399
backfill_v1/performance/expense_20260614.csv,Ozon Performance API (READ),2026-08-31T18:04:10.241066+03:00,2026-06-01..2026-08-31,9660b343e2e19a4ef88354114263ff06c820cbf4ee21e24883ce415f45120391,4,399
backfill_v1/performance/expense_20260615.csv,Ozon Performance API (READ),2026-08-31T18:04:12.825874+03:00,2026-06-01..2026-08-31,c433dde9a57d5a07166042fb7ca3ffff85c7d07e97a7226cc3dd1f15af113440,3,326
backfill_v1/performance/expense_20260616.csv,Ozon Performance API (READ),2026-08-31T18:04:15.414495+03:00,2026-06-01..2026-08-31,42ccaaa77353b45b964f09f0df09c5adcbde49ee3e9bfaf5f0606ab58c90bb63,5,496
backfill_v1/performance/expense_20260617.csv,Ozon Performance API (READ),2026-08-31T18:04:18.013128+03:00,2026-06-01..2026-08-31,65ef92c13ca78fa97997a62ee846dde968d2f6cb1c426d47604efd42117d8637,4,398
backfill_v1/performance/expense_20260618.csv,Ozon Performance API (READ),2026-08-31T18:04:20.609333+03:00,2026-06-01..2026-08-31,5fe63fc3e7583ecaa596f009c1671fb9bbf131ad4e1e6ada596803d03b6d1988,4,398
backfill_v1/performance/expense_20260619.csv,Ozon Performance API (READ),2026-08-31T18:04:23.188196+03:00,2026-06-01..2026-08-31,75d36ed0160a0c5444e00d244595f0109578899b0a17a92203ea77cd5d49ccdd,4,398
backfill_v1/performance/expense_20260620.csv,Ozon Performance API (READ),2026-08-31T18:04:25.777214+03:00,2026-06-01..2026-08-31,da43fdde2a6664aa47b982cd16889097fab3618a66d3514b236d38cb654da5f5,4,398
backfill_v1/performance/expense_20260621.csv,Ozon Performance API (READ),2026-08-31T18:04:28.375177+03:00,2026-06-01..2026-08-31,d93b474215ae788ab37b6fd40239b1b1a2ce36b13e9a546df4fbbbe7cfcd8072,4,398
backfill_v1/performance/expense_20260622.csv,Ozon Performance API (READ),2026-08-31T18:04:30.970092+03:00,2026-06-01..2026-08-31,16d0a45b4633d9ae07f3b9fc34b8dc56d97db5db23c2eacac73436bc0ecb0bf9,4,399
backfill_v1/performance/expense_20260623.csv,Ozon Performance API (READ),2026-08-31T18:04:33.566310+03:00,2026-06-01..2026-08-31,689354158dd7f932416dc244773138b57277b2d15dcb5dc1766b092a3aa976a5,4,398
backfill_v1/performance/expense_20260624.csv,Ozon Performance API (READ),2026-08-31T18:04:36.193676+03:00,2026-06-01..2026-08-31,c39d52f69828d011f1927e0cb531b3d90b0b905069d98448198f8f5c247255d3,5,499
backfill_v1/performance/expense_20260625.csv,Ozon Performance API (READ),2026-08-31T18:04:38.860293+03:00,2026-06-01..2026-08-31,5cd1784347cbbda11ed7d64c177114b58960cb32055e975bfea86876bb765458,4,399
backfill_v1/performance/expense_20260626.csv,Ozon Performance API (READ),2026-08-31T18:04:41.451195+03:00,2026-06-01..2026-08-31,3e4a4c848048ad98d0a5cec656d2d4a917cd85759765ccbdc80b4b4717fa43ba,3,351
backfill_v1/performance/expense_20260627.csv,Ozon Performance API (READ),2026-08-31T18:04:44.043758+03:00,2026-06-01..2026-08-31,f0b04a5bb30771f914713290738174ddfeea92f8af418eff6702381457a57e6b,4,398
backfill_v1/performance/expense_20260628.csv,Ozon Performance API (READ),2026-08-31T18:04:46.649786+03:00,2026-06-01..2026-08-31,e781f2870e611d76b3b88eb7b85d412ea74afe1ed2eaa294fd4991821fadf72e,4,398
backfill_v1/performance/expense_20260629.csv,Ozon Performance API (READ),2026-08-31T18:04:49.257126+03:00,2026-06-01..2026-08-31,5b46074a4960a74e742f0efcf0803bffbb913d48f477ed12e74a6a9add6b21fa,4,398
backfill_v1/performance/expense_20260630.csv,Ozon Performance API (READ),2026-08-31T18:04:51.842413+03:00,2026-06-01..2026-08-31,ae7560ff4678d63d0059691641c419e60a0d330c421889be96948a8be626be01,4,400
backfill_v1/performance/expense_20260701.csv,Ozon Performance API (READ),2026-08-31T18:04:54.418864+03:00,2026-06-01..2026-08-31,8a4b25bb8df56c668182d0f6ed299d9db4b57fd5b5a32ec4566779aca1018a3d,4,400
backfill_v1/performance/expense_20260702.csv,Ozon Performance API (READ),2026-08-31T18:04:57.027358+03:00,2026-06-01..2026-08-31,4aeda365ac3983e602bd14f1879d297dba0504a8e446c3380ab6e0cbc7810518,4,400
backfill_v1/performance/expense_20260703.csv,Ozon Performance API (READ),2026-08-31T18:05:03.198746+03:00,2026-06-01..2026-08-31,601deb40f9b246eb0f321f480614591f46c8ad7c6d1f031d93309d41ffdb3e19,4,401
backfill_v1/performance/expense_20260704.csv,Ozon Performance API (READ),2026-08-31T18:05:05.792608+03:00,2026-06-01..2026-08-31,02f05498cd0b729995fc2e1a6e69e275737220ff9b6afdd37cd15d59666872af,4,401
backfill_v1/performance/expense_20260705.csv,Ozon Performance API (READ),2026-08-31T18:05:08.375424+03:00,2026-06-01..2026-08-31,f31cc73b06d2559bd2dbfae35406e8c45293220dc050ca4ae342627eb6361751,4,402
backfill_v1/performance/expense_20260706.csv,Ozon Performance API (READ),2026-08-31T18:05:11.047668+03:00,2026-06-01..2026-08-31,1f76fbb4b40079ca31e6c4d878820cedc5438134086b99850a8ea7095fc1eb69,4,402
backfill_v1/performance/expense_20260707.csv,Ozon Performance API (READ),2026-08-31T18:05:13.676384+03:00,2026-06-01..2026-08-31,6441280d4106a0b49713724ba3b15f69c76b89ef04ff882198c3c85074a0f287,0,122
backfill_v1/performance/expense_20260708.csv,Ozon Performance API (READ),2026-08-31T18:05:16.261667+03:00,2026-06-01..2026-08-31,6441280d4106a0b49713724ba3b15f69c76b89ef04ff882198c3c85074a0f287,0,122
backfill_v1/performance/expense_20260709.csv,Ozon Performance API (READ),2026-08-31T18:05:18.853566+03:00,2026-06-01..2026-08-31,6441280d4106a0b49713724ba3b15f69c76b89ef04ff882198c3c85074a0f287,0,122
backfill_v1/performance/expense_20260710.csv,Ozon Performance API (READ),2026-08-31T18:05:21.477444+03:00,2026-06-01..2026-08-31,6441280d4106a0b49713724ba3b15f69c76b89ef04ff882198c3c85074a0f287,0,122
backfill_v1/performance/expense_20260711.csv,Ozon Performance API (READ),2026-08-31T18:05:24.059708+03:00,2026-06-01..2026-08-31,640c42c5f7cb36734a1d367571a210575c1de8cdb98c83fe127ee228caf1186e,5,523
backfill_v1/performance/expense_20260712.csv,Ozon Performance API (READ),2026-08-31T18:05:26.661702+03:00,2026-06-01..2026-08-31,0416d4d3a1887797e58efbf5ff3f4c2d129fc12299306ae4018213ec21aaa385,7,677
backfill_v1/performance/expense_20260713.csv,Ozon Performance API (READ),2026-08-31T18:05:29.238829+03:00,2026-06-01..2026-08-31,d772ba5b0f2b6737f06d8ad69d4a81581633eece9ae002dbbf07f4f45aa6fcbc,8,745
backfill_v1/performance/expense_20260714.csv,Ozon Performance API (READ),2026-08-31T18:05:31.852465+03:00,2026-06-01..2026-08-31,ebd40c7415aa4cc052dc3b3cc7fc4539e1523e41d0c2356606a082d54e01e991,9,828
backfill_v1/performance/expense_20260715.csv,Ozon Performance API (READ),2026-08-31T18:05:34.467899+03:00,2026-06-01..2026-08-31,3306361c34db2e4a1e766065bc1a146212c0235b2597128539a48a2828cd0c1e,9,828
backfill_v1/performance/expense_20260716.csv,Ozon Performance API (READ),2026-08-31T18:05:37.054289+03:00,2026-06-01..2026-08-31,cb259c67f1e16f3a0b84e4acb850d4a8f8973fcc2f7ea64f06964019db01f7a6,9,833
backfill_v1/performance/expense_20260717.csv,Ozon Performance API (READ),2026-08-31T18:05:39.638839+03:00,2026-06-01..2026-08-31,37b9c83f6be0c5e35797637153e3516818a3e9c322ba5ccb786e7a482f6891c5,9,833
backfill_v1/performance/expense_20260718.csv,Ozon Performance API (READ),2026-08-31T18:05:42.232552+03:00,2026-06-01..2026-08-31,32163904c5a57fc8eb995e433289c8887bf66322b6d073184942eabfd1862fa1,9,835
backfill_v1/performance/expense_20260719.csv,Ozon Performance API (READ),2026-08-31T18:05:44.814569+03:00,2026-06-01..2026-08-31,becf76646a1d9783783c25c0836540843b3e6793f95326054dc78ade9182988b,9,835
backfill_v1/performance/expense_20260720.csv,Ozon Performance API (READ),2026-08-31T18:05:47.403742+03:00,2026-06-01..2026-08-31,0d19b99732fb2ae8b4324f309671122be026cbbed119b3a39264a41e5912f84b,9,835
backfill_v1/performance/expense_20260721.csv,Ozon Performance API (READ),2026-08-31T18:05:50.014697+03:00,2026-06-01..2026-08-31,2acc1d9305b8acdfe9dc56f4ec49f3a34c61f3f19a4f4fc04602523ea5ad5d96,9,836
backfill_v1/performance/expense_20260722.csv,Ozon Performance API (READ),2026-08-31T18:05:52.595436+03:00,2026-06-01..2026-08-31,60a8bfa07b160875e1ea061889e21f454341e7bb3e4ca45996a0b3ffe2639610,9,832
backfill_v1/performance/expense_20260723.csv,Ozon Performance API (READ),2026-08-31T18:05:55.191335+03:00,2026-06-01..2026-08-31,9bd634384b4a12eaabdfae3b1ebec9f41fc259450f58a23eb7eb0d8d3ae11579,9,833
backfill_v1/performance/expense_20260724.csv,Ozon Performance API (READ),2026-08-31T18:05:57.785446+03:00,2026-06-01..2026-08-31,c59e53dae3290fcc86c018459a36ecc630d119b7b65b8458bb4079a65ed5d224,9,832
backfill_v1/performance/expense_20260725.csv,Ozon Performance API (READ),2026-08-31T18:06:00.383286+03:00,2026-06-01..2026-08-31,9c81149aca723fb029cb63c7b04888ee3476abd7ad7ed45eb25023121aabfcc7,9,831
backfill_v1/performance/expense_20260726.csv,Ozon Performance API (READ),2026-08-31T18:06:02.972042+03:00,2026-06-01..2026-08-31,33abee97e2825ec6462675fb4dc604c9c5045d571cfd41736ed3b2e0a534ae95,9,836
backfill_v1/performance/expense_20260727.csv,Ozon Performance API (READ),2026-08-31T18:06:05.559161+03:00,2026-06-01..2026-08-31,c97ad571493d5fc1d614b158ab481243aad9afa83c017e91963f8e049701a571,9,835
backfill_v1/performance/expense_20260728.csv,Ozon Performance API (READ),2026-08-31T18:06:08.148889+03:00,2026-06-01..2026-08-31,a4bd01bf7e2c2ccf831581a1cfc349bf8054c0d4c4536d4d2cc45b764cfe19e4,9,837
backfill_v1/performance/expense_20260729.csv,Ozon Performance API (READ),2026-08-31T18:06:10.750109+03:00,2026-06-01..2026-08-31,fb33558271eabbd4ac57f9d329e7003540ea83ee28e85841ce032419c9d1c23f,9,838
backfill_v1/performance/expense_20260730.csv,Ozon Performance API (READ),2026-08-31T18:06:13.344817+03:00,2026-06-01..2026-08-31,18ca2ec72d3600989962eea86ac25b919e4def12d04d1b6cfbe3c21b6c0a09fd,12,1080
backfill_v1/performance/expense_20260731.csv,Ozon Performance API (READ),2026-08-31T18:06:15.944870+03:00,2026-06-01..2026-08-31,9672f7ea365e08c47ac94072f6d7cb9e156b366e832721013366e6e41b0a5e4a,9,835
backfill_v1/performance/expense_20260801.csv,Ozon Performance API (READ),2026-08-31T18:06:18.529224+03:00,2026-06-01..2026-08-31,c0fa4db4c59a75900ca9d05f9501db966255506a7e9b4575c3eba3e031cbef40,10,924
backfill_v1/performance/expense_20260802.csv,Ozon Performance API (READ),2026-08-31T18:06:21.154519+03:00,2026-06-01..2026-08-31,04c5c40a4b96d2ac17a1720f9fe0297d7009eaadfaa73b61ac487cb41156a31f,11,1009
backfill_v1/performance/expense_20260803.csv,Ozon Performance API (READ),2026-08-31T18:06:23.751539+03:00,2026-06-01..2026-08-31,f57235aa7d0c5936b379e2d1ba7b3decb65ce87a8e36c4700759d741917dfb99,11,1000
backfill_v1/performance/expense_20260804.csv,Ozon Performance API (READ),2026-08-31T18:06:29.984863+03:00,2026-06-01..2026-08-31,14f70663b4e26c863518159d242e010e75f064f8f72bbd00d8b4ce3695912b0c,13,1160
backfill_v1/performance/expense_20260805.csv,Ozon Performance API (READ),2026-08-31T18:06:32.582824+03:00,2026-06-01..2026-08-31,87a7b971df30a4783bc3a43d2331d11272efb1e9dab1136eac543869317ee448,12,1077
backfill_v1/performance/expense_20260806.csv,Ozon Performance API (READ),2026-08-31T18:06:35.186019+03:00,2026-06-01..2026-08-31,a33bd9b0fd26479791c66426f2b9ed630cd577f8f7b02c0172fc9156b6b99656,10,917
backfill_v1/performance/expense_20260807.csv,Ozon Performance API (READ),2026-08-31T18:06:37.793251+03:00,2026-06-01..2026-08-31,9f9a89ea02c4210b34910681f9e8e16463dbe4e071de21d5a512710cfdda4604,7,692
backfill_v1/performance/expense_20260808.csv,Ozon Performance API (READ),2026-08-31T18:06:40.397949+03:00,2026-06-01..2026-08-31,d9acb1be66fb71610281fb995f7fed303beff9b8e92e009226b14332cd5a8951,7,691
backfill_v1/performance/expense_20260809.csv,Ozon Performance API (READ),2026-08-31T18:06:43.151523+03:00,2026-06-01..2026-08-31,01fa6092e4224df2e328b436c05be83f01d81813fdf12010277fb0885f8f9c12,8,766
backfill_v1/performance/expense_20260810.csv,Ozon Performance API (READ),2026-08-31T18:06:45.761488+03:00,2026-06-01..2026-08-31,b922807bb7e647e09e288b672d956fe68cd7eb07a02c5be02b08865546cb98b6,9,847
backfill_v1/performance/expense_20260811.csv,Ozon Performance API (READ),2026-08-31T18:06:48.349809+03:00,2026-06-01..2026-08-31,5574c6c228650adbe0f24721cd9dd8aeda1a8e7f66d3d017f2c0b1f75c93ca71,8,772
backfill_v1/performance/expense_20260812.csv,Ozon Performance API (READ),2026-08-31T18:06:50.958041+03:00,2026-06-01..2026-08-31,a1e5312b9bdaf27d2ef9f292adf1415972f6e839909395a8805b4d56c1ffb87a,9,829
backfill_v1/performance/expense_20260813.csv,Ozon Performance API (READ),2026-08-31T18:06:53.553532+03:00,2026-06-01..2026-08-31,4901356ce738e72004e75ae3172d9b068d3ea339a22d520dd5a76d9f3e82dd69,8,751
backfill_v1/performance/expense_20260814.csv,Ozon Performance API (READ),2026-08-31T18:06:56.157618+03:00,2026-06-01..2026-08-31,3f7b51d7304588eb8d299208d1237e627352617251ccfcd194a062aca8ea2dbf,11,990
backfill_v1/performance/expense_20260815.csv,Ozon Performance API (READ),2026-08-31T18:06:58.749231+03:00,2026-06-01..2026-08-31,1f7cf4164f4bfa0bfb3f1dcc2cba93a3041439eea721ac8b9ebd1bd233da9bab,12,1071
backfill_v1/performance/expense_20260816.csv,Ozon Performance API (READ),2026-08-31T18:07:01.342030+03:00,2026-06-01..2026-08-31,a325eff0a320169e2c67a71d69dda2240717da4e5e73a3f3cefbd84ff90e1735,13,1142
backfill_v1/performance/expense_20260817.csv,Ozon Performance API (READ),2026-08-31T18:07:03.915665+03:00,2026-06-01..2026-08-31,707c198e2ba82feb0902a6ecb038599faefd241ae786dc8b6e6547badf99feaa,10,930
backfill_v1/performance/expense_20260818.csv,Ozon Performance API (READ),2026-08-31T18:07:06.510692+03:00,2026-06-01..2026-08-31,57e62daea4a8a422dc0b9441da7945d54a720f66d4f52fc3a7a3f6123bb5880b,9,832
backfill_v1/performance/expense_20260819.csv,Ozon Performance API (READ),2026-08-31T18:07:09.096416+03:00,2026-06-01..2026-08-31,68d9ea786d909c7387af6c77dcdaf32191506a74728e3d119f7487452c914929,7,676
backfill_v1/performance/expense_20260820.csv,Ozon Performance API (READ),2026-08-31T18:07:11.703516+03:00,2026-06-01..2026-08-31,f22a2dfab8d3110abafc4eb242b3fd347af7ee5dfe94ac629dd9013521c2117b,11,1006
backfill_v1/performance/expense_20260821.csv,Ozon Performance API (READ),2026-08-31T18:07:14.313776+03:00,2026-06-01..2026-08-31,8b1a1c40a2d33c67c35c1ab0c1ca1a95e498e89629496b7ef7ced51da5a5e5ce,10,906
backfill_v1/performance/expense_20260822.csv,Ozon Performance API (READ),2026-08-31T18:07:16.914751+03:00,2026-06-01..2026-08-31,575b4568610d236eedad0fe3bdbdb9cfcd28225c3cf1bae058423880ba48869a,10,904
backfill_v1/performance/expense_20260823.csv,Ozon Performance API (READ),2026-08-31T18:07:19.494812+03:00,2026-06-01..2026-08-31,d804f6514be5d36464301594d8fd3e7e13d83d9a250143addaa170c20af81970,10,906
backfill_v1/performance/expense_20260824.csv,Ozon Performance API (READ),2026-08-31T18:07:22.095156+03:00,2026-06-01..2026-08-31,5ebef3b52d935f1a99e730c59f5800330e6da134d733aebfce9b802bb4cbba9f,10,902
backfill_v1/performance/expense_20260825.csv,Ozon Performance API (READ),2026-08-31T18:07:24.699804+03:00,2026-06-01..2026-08-31,d1331b23651bbf406ea37fbec5e11986b0394a7e50c9eeb3ff466c3d1c01e120,12,1069
backfill_v1/performance/expense_20260826.csv,Ozon Performance API (READ),2026-08-31T18:07:27.307155+03:00,2026-06-01..2026-08-31,6a23c372b9c2639058ea55a9681afccf32ab1a708fed73bd038d070b22b153f1,11,994
backfill_v1/performance/expense_20260827.csv,Ozon Performance API (READ),2026-08-31T18:07:29.886749+03:00,2026-06-01..2026-08-31,7b983b613b41e223485962853c1a4741c53d26697ebfb4920297acebc30a0514,9,827
backfill_v1/performance/expense_20260828.csv,Ozon Performance API (READ),2026-08-31T18:07:32.475493+03:00,2026-06-01..2026-08-31,f951c2312f4c29a858fffe8c07cb65eab15d90383eff9356a1cd4974a54cdc2c,9,828
backfill_v1/performance/expense_20260829.csv,Ozon Performance API (READ),2026-08-31T18:07:35.061380+03:00,2026-06-01..2026-08-31,603235fa376b722999196dae56f78d90755a31f520e85745159dfa72add44236,9,827
backfill_v1/performance/expense_20260830.csv,Ozon Performance API (READ),2026-08-31T18:07:37.654218+03:00,2026-06-01..2026-08-31,83dd135ca5013eb88c6330c98189d96ef3ea1fcabc9fbe9e293e8be22c389b01,11,994
backfill_v1/performance/expense_20260831.csv,Ozon Performance API (READ),2026-08-31T18:07:40.241543+03:00,2026-06-01..2026-08-31,6441280d4106a0b49713724ba3b15f69c76b89ef04ff882198c3c85074a0f287,0,122
backfill_v1/performance/products_32157891.json,Ozon Performance API (READ),2026-08-31T18:03:13.772399+03:00,2026-06-01..2026-08-31,655f060907367d667c21caec428a95470fcdcd3aaafe01e44ddf773e9868a453,n/a,294
backfill_v1/performance/products_32157919.json,Ozon Performance API (READ),2026-08-31T18:03:03.243152+03:00,2026-06-01..2026-08-31,a514eff606e607f2ac08129d41d19e383e76c00713a786627a08ff22c63a00fd,n/a,279
backfill_v1/performance/products_32157947.json,Ozon Performance API (READ),2026-08-31T18:03:09.558796+03:00,2026-06-01..2026-08-31,a6817e8994e6fc590b8c86da2f9e776ee82ed5a37693cdb004ab2adb47228a7e,n/a,414
backfill_v1/performance/products_32157965.json,Ozon Performance API (READ),2026-08-31T18:02:56.851262+03:00,2026-06-01..2026-08-31,badd91428ff2e1bf276d310f6159314e4fc42d14958ec918a1707e7358948768,n/a,208
backfill_v1/performance/products_32157988.json,Ozon Performance API (READ),2026-08-31T18:03:05.333405+03:00,2026-06-01..2026-08-31,8aeb5b601c712ff4b5141bc35e9274cd2c2d742108a4346609a2398c64579e14,n/a,310
backfill_v1/performance/products_32158008.json,Ozon Performance API (READ),2026-08-31T18:03:17.986193+03:00,2026-06-01..2026-08-31,dce5deaba26a2f3f05fc771c7831aafbdd25584825704362dcec89fc6c363562,n/a,186
backfill_v1/performance/products_32158051.json,Ozon Performance API (READ),2026-08-31T18:03:15.868779+03:00,2026-06-01..2026-08-31,e4091b0d0e0539824a39f063f7b09edb692c6332f9538e8dfa940e624f0dbf1c,n/a,389
backfill_v1/performance/products_32158176.json,Ozon Performance API (READ),2026-08-31T18:02:58.967681+03:00,2026-06-01..2026-08-31,331376f6f80e2148569dcd42dd2a8742f9a8b8fc2b56fd63c91104c5bcb33514,n/a,400
backfill_v1/performance/products_32158299.json,Ozon Performance API (READ),2026-08-31T18:03:20.087279+03:00,2026-06-01..2026-08-31,4a7523dd9d8523f64f5294eeb04bd27220781c85487769ffd3a6b1eb3d941306,n/a,372
backfill_v1/performance/products_33678192.json,Ozon Performance API (READ),2026-08-31T18:03:01.104640+03:00,2026-06-01..2026-08-31,a40c0860d5a3d996a8cd0381e702e51160384b28ec07f2b95d1f4efd80bc4777,n/a,279
backfill_v1/performance/products_33678220.json,Ozon Performance API (READ),2026-08-31T18:03:22.207151+03:00,2026-06-01..2026-08-31,1bdad9d6b082b44596b75524e10436797b91b8ab424669d2f21e070944c480fe,n/a,624
backfill_v1/performance/products_33678261.json,Ozon Performance API (READ),2026-08-31T18:03:26.434613+03:00,2026-06-01..2026-08-31,e919be4c7dc0bb0a0846150598bb1f1a015565fa86dc533f275b67262c99d428,n/a,382
backfill_v1/performance/products_33678288.json,Ozon Performance API (READ),2026-08-31T18:03:07.455584+03:00,2026-06-01..2026-08-31,98a3c57a29b52f61cdd42a2da72184d7ec85e8c1e7db831446da9e9f4c7ac5a0,n/a,379
backfill_v1/performance/products_33678331.json,Ozon Performance API (READ),2026-08-31T18:03:24.315719+03:00,2026-06-01..2026-08-31,2b26748c1f71ae0c8e3622b9def8ad76511f0be478593854de9fdb2b2ca35565,n/a,642
backfill_v1/performance/products_33703975.json,Ozon Performance API (READ),2026-08-31T18:03:11.664040+03:00,2026-06-01..2026-08-31,91070d8747599670d8ea9912878595ca411dff4c2424b6184a5a9500fb4eb199,n/a,350
backfill_v1/performance/sku_spend/27251978_01.06.2026-31.07.2026.csv,Ozon Performance API async report (SKU-level spend),2026-09-01T14:08:58.744579+03:00,2026-06-01..2026-08-31,b721dad9fa3a1e78ac5092d61c0817c4235b064eecaadab0ea60e5b6017b6d2d,75,19905
backfill_v1/performance/sku_spend/27251978_01.08.2026-31.08.2026.csv,Ozon Performance API async report (SKU-level spend),2026-09-01T14:09:53.790607+03:00,2026-06-01..2026-08-31,ec6a35c1a3412f3e2779acfefc534c3807ca29b772f78be7e1c7d5b2aadebd80,2,718
backfill_v1/performance/sku_spend/27307535_01.06.2026-31.07.2026.csv,Ozon Performance API async report (SKU-level spend),2026-09-01T14:08:58.741200+03:00,2026-06-01..2026-08-31,01365ab09616d0d01c5ed96d57dca6df1c078fa8d806b78ca18e1f5246edcdc7,91,27063
backfill_v1/performance/sku_spend/27307535_01.08.2026-31.08.2026.csv,Ozon Performance API async report (SKU-level spend),2026-09-01T14:09:53.792362+03:00,2026-06-01..2026-08-31,c8c0c0eb6e6f6e7d7398366b041ac8d375a7ae342e66ef9f38de0b821dc7134e,2,718
backfill_v1/performance/sku_spend/27307598_01.06.2026-31.07.2026.csv,Ozon Performance API async report (SKU-level spend),2026-09-01T14:08:58.744086+03:00,2026-06-01..2026-08-31,e7a884c837db6f3dc4a6626771da6e1815b603aa3e8e3a976a4f1fa0db51a70f,44,17520
backfill_v1/performance/sku_spend/27307598_01.08.2026-31.08.2026.csv,Ozon Performance API async report (SKU-level spend),2026-09-01T14:09:53.791855+03:00,2026-06-01..2026-08-31,5ba22848440fe593c13409b8fcd343f38a11e6cc70ac01ac349fd9f014b2af1d,2,718
backfill_v1/performance/sku_spend/27443733_01.06.2026-31.07.2026.csv,Ozon Performance API async report (SKU-level spend),2026-09-01T14:08:58.741867+03:00,2026-06-01..2026-08-31,629ec90a8f8981c2467c109225133efe742d6df63298e631be3a29304c77fed8,210,67734
backfill_v1/performance/sku_spend/27443733_01.08.2026-31.08.2026.csv,Ozon Performance API async report (SKU-level spend),2026-09-01T14:09:53.792591+03:00,2026-06-01..2026-08-31,8d48ca4aaf2d4ca6c58d646ffdcf7d389dfd597ede19f7c4a29a0f11709b4c01,2,718
backfill_v1/performance/sku_spend/32157891_01.06.2026-31.07.2026.csv,Ozon Performance API async report (SKU-level spend),2026-09-01T14:08:31.205679+03:00,2026-06-01..2026-08-31,b22b17f6d5b8c075c66831f7c3bdd38f09731df56cfa4c20f054ec6d4bc13a31,22,6930
backfill_v1/performance/sku_spend/32157891_01.08.2026-31.08.2026.csv,Ozon Performance API async report (SKU-level spend),2026-09-01T14:09:26.291270+03:00,2026-06-01..2026-08-31,c5b594dec7366f975e9bdb9c0302e63a714290f0a5a41457567031bc7e76b135,26,8166
backfill_v1/performance/sku_spend/32157919_01.06.2026-31.07.2026.csv,Ozon Performance API async report (SKU-level spend),2026-09-01T14:08:31.204567+03:00,2026-06-01..2026-08-31,ccbeff58d41f5c8e4efca7c95ac8814bb163eb9eac2894f9576f6f3596eb82a3,22,6644
backfill_v1/performance/sku_spend/32157919_01.08.2026-31.08.2026.csv,Ozon Performance API async report (SKU-level spend),2026-09-01T14:09:26.292747+03:00,2026-06-01..2026-08-31,e1c6ebbaea2eb77f62aa5a07157d4ad5a0d72d5fb074ecaad1d0fb2cc92d9b80,33,9933
backfill_v1/performance/sku_spend/32157947_01.06.2026-31.07.2026.csv,Ozon Performance API async report (SKU-level spend),2026-09-01T14:08:31.205170+03:00,2026-06-01..2026-08-31,6aaffb9dcabcadc5d1c5155f6bbe9fc1b366e51b47352d4d249bccc5827a235a,22,9328
backfill_v1/performance/sku_spend/32157947_01.08.2026-31.08.2026.csv,Ozon Performance API async report (SKU-level spend),2026-09-01T14:09:26.293582+03:00,2026-06-01..2026-08-31,6aa3f00a8f336cc35497986e2f8a6bcddfd61f913ee9d5ef9db265752d61fc7a,28,11944
backfill_v1/performance/sku_spend/32157965_01.06.2026-31.07.2026.csv,Ozon Performance API async report (SKU-level spend),2026-09-01T14:08:31.204764+03:00,2026-06-01..2026-08-31,ce2867afc049ce9f0baa04c4e9cf8e51849ac0f66796d552c4f0ade8b2ed60cc,22,5227
backfill_v1/performance/sku_spend/32157965_01.08.2026-31.08.2026.csv,Ozon Performance API async report (SKU-level spend),2026-09-01T14:09:26.292006+03:00,2026-06-01..2026-08-31,b9308982cbd5d7128f115239ce55d88d9ea950c4e8801046fa99693a701174cc,33,7728
backfill_v1/performance/sku_spend/32157988_01.06.2026-31.07.2026.csv,Ozon Performance API async report (SKU-level spend),2026-09-01T14:08:31.205051+03:00,2026-06-01..2026-08-31,735a6c3684ff54edc321a8ab8073b1209392550c5f651bdab6cc2f74d9abb1e8,22,7275
backfill_v1/performance/sku_spend/32157988_01.08.2026-31.08.2026.csv,Ozon Performance API async report (SKU-level spend),2026-09-01T14:09:26.292358+03:00,2026-06-01..2026-08-31,fe3d93b86a7a4c7d8f1a2e32ac325f1fc77465235a771e540e45933a96f3f7fc,25,8323
backfill_v1/performance/sku_spend/32158008_01.06.2026-31.07.2026.csv,Ozon Performance API async report (SKU-level spend),2026-09-01T14:08:31.205295+03:00,2026-06-01..2026-08-31,b0fb26308f270beb8e7eefe646ba6945d8e7687c9bed05c5b90e6d1ca0d5da26,22,4769
backfill_v1/performance/sku_spend/32158008_01.08.2026-31.08.2026.csv,Ozon Performance API async report (SKU-level spend),2026-09-01T14:09:26.292927+03:00,2026-06-01..2026-08-31,5a1e5885183b81134290db4fd56a4eeb5bce9dd80282c59062a0f09f159e80dd,15,3371
backfill_v1/performance/sku_spend/32158051_01.06.2026-31.07.2026.csv,Ozon Performance API async report (SKU-level spend),2026-09-01T14:08:31.204918+03:00,2026-06-01..2026-08-31,8a1fba1b029d72c5746dd7d75f9c262eebcbf2e1fbc6c8de7f977887cee541aa,22,8841
backfill_v1/performance/sku_spend/32158051_01.08.2026-31.08.2026.csv,Ozon Performance API async report (SKU-level spend),2026-09-01T14:09:26.293481+03:00,2026-06-01..2026-08-31,9b5502a75ca2cb46cf07d5d5edabbda4603692f21a77b7d554b9654d4b2f2f5d,22,8860
backfill_v1/performance/sku_spend/32158176_01.06.2026-31.07.2026.csv,Ozon Performance API async report (SKU-level spend),2026-09-01T14:08:31.205553+03:00,2026-06-01..2026-08-31,f1f56d68498e997c4fde108b419479857a16f0298dcdfe9c181b1bd59689f5bb,22,9060
backfill_v1/performance/sku_spend/32158176_01.08.2026-31.08.2026.csv,Ozon Performance API async report (SKU-level spend),2026-09-01T14:09:26.293376+03:00,2026-06-01..2026-08-31,08852b1c55d15f3236136912dde759a36e3e025b2017cda93ad6832eb91bada7,33,13640
backfill_v1/performance/sku_spend/32158299_01.06.2026-31.07.2026.csv,Ozon Performance API async report (SKU-level spend),2026-09-01T14:08:31.205792+03:00,2026-06-01..2026-08-31,4396632a057cd11ede6225a059e1987614869d567754de8444c8b4c29b462765,22,8588
backfill_v1/performance/sku_spend/32158299_01.08.2026-31.08.2026.csv,Ozon Performance API async report (SKU-level spend),2026-09-01T14:09:26.293176+03:00,2026-06-01..2026-08-31,bbdba92ae320d74310077a089e2324668fa1e2b87e3eb85f436e1a8793d45096,11,4264
backfill_v1/performance/sku_spend/33678192_01.06.2026-31.07.2026.csv,Ozon Performance API async report (SKU-level spend),2026-09-01T14:08:31.205905+03:00,2026-06-01..2026-08-31,e10f34600ac01d0a7fbda48534f19ce631205ef72493019b7877f8bdcf954ca2,4,1300
backfill_v1/performance/sku_spend/33678192_01.08.2026-31.08.2026.csv,Ozon Performance API async report (SKU-level spend),2026-09-01T14:09:26.293061+03:00,2026-06-01..2026-08-31,8607509a07c5a7e6ed56a490219ffa0c23b74b89d86bc8504e5cfdf60f26ee46,23,6930
backfill_v1/performance/sku_spend/33678220_01.06.2026-31.07.2026.csv,Ozon Performance API async report (SKU-level spend),2026-09-01T14:08:58.744862+03:00,2026-06-01..2026-08-31,1997f56c9ca57a425e9813388a5dda2c7c4de4d2a872ee3ad43fa3f994931632,10,2604
backfill_v1/performance/sku_spend/33678220_01.08.2026-31.08.2026.csv,Ozon Performance API async report (SKU-level spend),2026-09-01T14:09:53.793256+03:00,2026-06-01..2026-08-31,feae1df05e1a7029e298a23ce3eab98f6406eee7e9be674b4f03691de438919b,35,8522
backfill_v1/performance/sku_spend/33678261_01.06.2026-31.07.2026.csv,Ozon Performance API async report (SKU-level spend),2026-09-01T14:08:58.742584+03:00,2026-06-01..2026-08-31,54752ff787dfd05660f618fbdb33deca653fa1037d45544d760351c85e7a858d,4,1507
backfill_v1/performance/sku_spend/33678261_01.08.2026-31.08.2026.csv,Ozon Performance API async report (SKU-level spend),2026-09-01T14:09:53.792115+03:00,2026-06-01..2026-08-31,36e77340bfe96684f65890e23c44dccadf7a829444007ef48047e5d399cbe0d9,2,718
backfill_v1/performance/sku_spend/33678288_01.06.2026-31.07.2026.csv,Ozon Performance API async report (SKU-level spend),2026-09-01T14:08:58.742239+03:00,2026-06-01..2026-08-31,5b7c2b224cc49d822a91752a10209c535eadb034d84589b57cd9e4c33a79ad3e,4,1501
backfill_v1/performance/sku_spend/33678288_01.08.2026-31.08.2026.csv,Ozon Performance API async report (SKU-level spend),2026-09-01T14:09:53.792989+03:00,2026-06-01..2026-08-31,8cd56be077ee9cd5cc3f988ef8825b2d0b2c7cca4782cc9fbab0cb83d7d48ce4,33,13002
backfill_v1/performance/sku_spend/33678331_01.06.2026-31.07.2026.csv,Ozon Performance API async report (SKU-level spend),2026-09-01T14:08:58.744735+03:00,2026-06-01..2026-08-31,420867a66b0bbcfe778ff8b59a5b47e506440aa8fb7284febba0ba3e0104f624,6,2093
backfill_v1/performance/sku_spend/33678331_01.08.2026-31.08.2026.csv,Ozon Performance API async report (SKU-level spend),2026-09-01T14:09:53.791211+03:00,2026-06-01..2026-08-31,49ba8965aa2a4007d67b1c633ae3b8dfda6a4e75673d67ff4c68aff2c584217c,26,9079
backfill_v1/performance/sku_spend/33703975_01.06.2026-31.07.2026.csv,Ozon Performance API async report (SKU-level spend),2026-09-01T14:08:58.742429+03:00,2026-06-01..2026-08-31,5da1210571fdc26d2d48c5cba5d4794897c8674b0681e47b98de504f3b8b673f,3,1094
backfill_v1/performance/sku_spend/33703975_01.08.2026-31.08.2026.csv,Ozon Performance API async report (SKU-level spend),2026-09-01T14:09:53.791564+03:00,2026-06-01..2026-08-31,85213d0473d7c8d3befdcdf8b189155db955d6312e386f76572f143e2281979e,33,12272
backfill_v1/performance/sku_spend_boundary/27251978_25.07.2026-02.08.2026.csv,Ozon Performance API async report (SKU-level spend),2026-09-01T14:12:19.512108+03:00,2026-06-01..2026-08-31,8dff6a74f1d48cad186d0a09702f528a7a12a8658920d712d054ba5e756a6fa6,2,718
backfill_v1/performance/sku_spend_boundary/27307535_25.07.2026-02.08.2026.csv,Ozon Performance API async report (SKU-level spend),2026-09-01T14:12:19.513343+03:00,2026-06-01..2026-08-31,146381f28065b3a576211d682aca0770045fc230b31ad2f1292d466325667fcd,2,718
backfill_v1/performance/sku_spend_boundary/27307598_25.07.2026-02.08.2026.csv,Ozon Performance API async report (SKU-level spend),2026-09-01T14:12:19.513154+03:00,2026-06-01..2026-08-31,b7b9a477e1b40ee867466b4bc00c03be421516631849135f52a2aec7acd72e9c,2,718
backfill_v1/performance/sku_spend_boundary/27443733_25.07.2026-02.08.2026.csv,Ozon Performance API async report (SKU-level spend),2026-09-01T14:12:19.512753+03:00,2026-06-01..2026-08-31,e5535ec8837f4555433378f733529a19ddbbae1aa1dfec6eb7a9bec945401e5c,2,718
backfill_v1/performance/sku_spend_boundary/32157891_25.07.2026-02.08.2026.csv,Ozon Performance API async report (SKU-level spend),2026-09-01T14:11:52.067295+03:00,2026-06-01..2026-08-31,b1afcc772b5549df00b7f16e1a88d5745eedaa6fb4e309b3da4227173742ad52,11,3524
backfill_v1/performance/sku_spend_boundary/32157919_25.07.2026-02.08.2026.csv,Ozon Performance API async report (SKU-level spend),2026-09-01T14:11:52.066823+03:00,2026-06-01..2026-08-31,57a835194964ca1aae4585abf36c459c45fb61222bd7aa8ebb26fb7280b65d7c,11,3400
backfill_v1/performance/sku_spend_boundary/32157947_25.07.2026-02.08.2026.csv,Ozon Performance API async report (SKU-level spend),2026-09-01T14:11:52.068226+03:00,2026-06-01..2026-08-31,22f6f78a0047bcce9932037b5af18718151642dc53945855b6ee741e1837e3e8,10,4201
backfill_v1/performance/sku_spend_boundary/32157965_25.07.2026-02.08.2026.csv,Ozon Performance API async report (SKU-level spend),2026-09-01T14:11:52.066519+03:00,2026-06-01..2026-08-31,298b731182727508665b29f78a32e9a1d8ec80d96a2dd7f043e683cf07463f05,10,2545
backfill_v1/performance/sku_spend_boundary/32157988_25.07.2026-02.08.2026.csv,Ozon Performance API async report (SKU-level spend),2026-09-01T14:11:52.067064+03:00,2026-06-01..2026-08-31,e3e96e35c75f53a891cdd4c0363e00dd7bdba22a393e731887885dccf96f4e52,10,3377
backfill_v1/performance/sku_spend_boundary/32158008_25.07.2026-02.08.2026.csv,Ozon Performance API async report (SKU-level spend),2026-09-01T14:11:52.067945+03:00,2026-06-01..2026-08-31,baf8303f8224e3f726ec14920972421ed3830c747c607b956d74803862cc5bcd,10,2340
backfill_v1/performance/sku_spend_boundary/32158051_25.07.2026-02.08.2026.csv,Ozon Performance API async report (SKU-level spend),2026-09-01T14:11:52.067525+03:00,2026-06-01..2026-08-31,3d94de7b577e1d80b8644f58f4bd964fe130b0e9b384f6c3294e210ba7b4c660,8,3160
backfill_v1/performance/sku_spend_boundary/32158176_25.07.2026-02.08.2026.csv,Ozon Performance API async report (SKU-level spend),2026-09-01T14:11:52.068456+03:00,2026-06-01..2026-08-31,d9caec88fff7f818b126f6bfa1de6529612bac9d924e3f707542b0f0e678a643,10,4068
backfill_v1/performance/sku_spend_boundary/32158299_25.07.2026-02.08.2026.csv,Ozon Performance API async report (SKU-level spend),2026-09-01T14:11:52.066099+03:00,2026-06-01..2026-08-31,30aec05cf48bcd17a29accad34a385ac3282287601680b155f2e5e78b3cb3e2f,8,3088
backfill_v1/performance/sku_spend_boundary/33678192_25.07.2026-02.08.2026.csv,Ozon Performance API async report (SKU-level spend),2026-09-01T14:11:52.067736+03:00,2026-06-01..2026-08-31,7b2e7a9138372ba458b2bdab884c6904a5e2f72c49ebaf4a758a5c800f204703,4,1300
backfill_v1/performance/sku_spend_boundary/33678220_25.07.2026-02.08.2026.csv,Ozon Performance API async report (SKU-level spend),2026-09-01T14:12:19.512565+03:00,2026-06-01..2026-08-31,f5512f71dcef6f51044f463b5f77c47f658761b1b3f3219ad666c18edba2f51a,16,4013
backfill_v1/performance/sku_spend_boundary/33678261_25.07.2026-02.08.2026.csv,Ozon Performance API async report (SKU-level spend),2026-09-01T14:12:19.512358+03:00,2026-06-01..2026-08-31,46a13ae103941131f04b92b784c87c9891f2052ea657d02eed32fdb37fe73968,4,1507
backfill_v1/performance/sku_spend_boundary/33678288_25.07.2026-02.08.2026.csv,Ozon Performance API async report (SKU-level spend),2026-09-01T14:12:19.511759+03:00,2026-06-01..2026-08-31,c28f0872e2f2f8a1c8175cf4206ba3ba7ffadeb18c835bc8050d5cbacdea5b46,7,2674
backfill_v1/performance/sku_spend_boundary/33678331_25.07.2026-02.08.2026.csv,Ozon Performance API async report (SKU-level spend),2026-09-01T14:12:19.513512+03:00,2026-06-01..2026-08-31,00ec9d5312ab9e95e1d9b387186d6cd9f71adc536ed605af2dfce9e6145f72c0,6,2093
backfill_v1/performance/sku_spend_boundary/33703975_25.07.2026-02.08.2026.csv,Ozon Performance API async report (SKU-level spend),2026-09-01T14:12:19.512959+03:00,2026-06-01..2026-08-31,36cb0de3a6ac8b41b3430c55e99c3e82dcad746ed178a2424086b0d3914bc991,6,2216
backfill_v1/seller/analytics_data_202606.json,Ozon Seller API (READ),2026-08-31T18:03:17.797043+03:00,2026-06-01..2026-08-31,c5cf89957ba902fd8ec4362a0db0b6e2b75b52fd261b794c871d5830258b2195,n/a,183593
backfill_v1/seller/analytics_data_202607.json,Ozon Seller API (READ),2026-08-31T18:03:29.243795+03:00,2026-06-01..2026-08-31,2cb3a89481ebeb9dda50e5d7f8dead517eda14fa6c13b49fe077728cdcd9e20a,n/a,210744
backfill_v1/seller/analytics_data_202608.json,Ozon Seller API (READ),2026-08-31T18:03:37.207130+03:00,2026-06-01..2026-08-31,7aa2ff4fea9316e6badb709febf96c69091cc08576e79f9995d3c30dcd7e532e,n/a,210103
backfill_v1/seller/posting_fbo_202606.json,Ozon Seller API (READ),2026-08-31T18:03:43.368375+03:00,2026-06-01..2026-08-31,f2fe38a37f07c0240ab509fe5b22e2ce118775bc2e8706b465e6adf38d3b3a95,n/a,104795
backfill_v1/seller/posting_fbo_202607.json,Ozon Seller API (READ),2026-08-31T18:03:46.256051+03:00,2026-06-01..2026-08-31,15f12fd6ea4df82cd3c035ab4511af3fc8ad54cbb0419eb8a152ceab0f3ac815,n/a,173318
backfill_v1/seller/posting_fbo_202608.json,Ozon Seller API (READ),2026-08-31T18:03:54.654606+03:00,2026-06-01..2026-08-31,159bb8817de1988937b4d27746fda2d2e01402b7763631e25054ad19d9b0c583,n/a,383982
backfill_v1/seller/prices_snapshot.json,Ozon Seller API (READ),2026-08-31T18:03:07.378856+03:00,2026-06-01..2026-08-31,41c16a0f43c83a8a90a20ebadfce927989cb9f6229c4b292f9422a11e3c0ec95,n/a,72749
backfill_v1/seller/returns.json,Ozon Seller API (READ),2026-08-31T18:03:40.498305+03:00,2026-06-01..2026-08-31,b8d85ea0bef4331f96806142d7ca54223aeb8a1d9969627a20dc0677cf629bcd,n/a,452941
backfill_v1/seller/stocks_snapshot.json,Ozon Seller API (READ),2026-08-31T18:03:10.158998+03:00,2026-06-01..2026-08-31,f934073e7f44856ba22e5f10c31e23ce5cbab1464607520480d533c6eb91609b,n/a,153355
screenshots/ozon_main_2026-08-30.png,"Playwright MCP, seller.ozon.ru UI state",2026-08-30T15:13:53.650273+03:00,snapshot 2026-08-30,369c6985593eb1c36865fcf868c71db8f1bf6eb535ab4dda487514f1c432e595,n/a,269376
screenshots/ozon_menu_analytics_2026-08-30.png,"Playwright MCP, seller.ozon.ru UI state",2026-08-30T15:14:48.426378+03:00,snapshot 2026-08-30,0a04c572f15d183f65d80efe9ade5835896ee64b3f853b42c3e8df799e3c5063,n/a,178746
screenshots/ozon_performance_api_docs_2026-08-30.png,Playwright MCP UI state,2026-08-30T21:28:26.527632+03:00,snapshot 2026-08-30,9397b268a5bc7a2a41fb93e79bbb27dfce7c839f8acc42cb366ac524b4cd8408,n/a,155955
screenshots/ozon_performance_login_gate_2026-08-30.png,Playwright MCP UI state,2026-08-30T21:27:04.235980+03:00,snapshot 2026-08-30,308f4401d41bffaf0dcbd55b1548509bf8f18f8b5f38471d372fe18798014174,n/a,30321
screenshots/ozon_premium_paywall_2026-08-30.png,"Playwright MCP, seller.ozon.ru UI state",2026-08-30T15:16:18.543775+03:00,snapshot 2026-08-30,b1a4a2b30357edbfd6ff90b8523f109d4e3a0775780eeedbd3ff828ada673542,n/a,490713
screenshots/ozon_promotion_info_2026-08-30.png,Playwright MCP UI state,2026-08-30T21:26:50.680069+03:00,snapshot 2026-08-30,7b2213d65813b5e93b02248e8c813abff3591b7f0453cd242b8fa3c3bb91f734,n/a,209455
